text,sentiment,source,idiom,contrast_marker
chris christie suggests hillary clinton was to blame for boko haram's kidnapping of hundreds of schoolgirls,1,sarcasm_headlines,,
bill clinton shoots down republicans: 'i strongly supported' obamacare,1,sarcasm_headlines,,
things learned in the first month of having a baby,1,sarcasm_headlines,,
10 essential life lessons from a grandma,1,sarcasm_headlines,,
"we're still processing that ending to the walking dead ""strangers""",1,sarcasm_headlines,,
friday talking points -- prelude to silly season,1,sarcasm_headlines,,
want to make meetings more productive? start walking,1,sarcasm_headlines,,
when the sheep are watching over your mind,1,sarcasm_headlines,,
sleater-kinney just made bowie's 'rebel rebel' the political anthem of 2017,1,sarcasm_headlines,,
historical archives: amazing publick spectacle!,0,sarcasm_headlines,,
department of agriculture locates perfect goat,0,sarcasm_headlines,,
rubio and cruz have 'anti-lgbt' advisory boards. where is trump's?,1,sarcasm_headlines,,
asu + gsv report: teachers and tech tools,1,sarcasm_headlines,,
what your movements may reveal about how you'll get along with another person,1,sarcasm_headlines,,
obama finally tells rambling tom vilsack to shut the fuck up during cabinet meeting,0,sarcasm_headlines,,
new rule from obama will punish contractors who cheat or endanger workers,1,sarcasm_headlines,,
how an essay on 'sexual paranoia' caused a frenzy at northwestern university,1,sarcasm_headlines,,
things come apart so easily: asghar farhadi's about elly,1,sarcasm_headlines,,
"brilliant, innovative ceo just wrote words 'social media' on whiteboard and underlined it",0,sarcasm_headlines,,
joe biden slams donald trump: 'he would have loved stalin',1,sarcasm_headlines,,
how to criticize your kids without ruining their self-esteem,1,sarcasm_headlines,,
a personal memory of former governor mario cuomo,1,sarcasm_headlines,,
"audra mcdonald, kirsten gillibrand to celebrate the lgbtq community in nyc",1,sarcasm_headlines,,
supreme court justice sotomayor continues duties after breaking shoulder,1,sarcasm_headlines,,
meryl streep looks exactly like the 'shrek' fairy godmother at the oscars,1,sarcasm_headlines,,
aspen ideas festival 2015,1,sarcasm_headlines,,
women reveal the real purpose of workout clothes,1,sarcasm_headlines,,
this d.c. restaurant just sued trump and his hotel for unfair competition,1,sarcasm_headlines,,
jeb bush calls for crackdown on sanctuary cities in immigration plan,1,sarcasm_headlines,,
images show that saturn's north polar region has changed color,1,sarcasm_headlines,,
"hey, remember when bernie sanders played a rabbi in a rom-com?",1,sarcasm_headlines,,
here's the new sexy carl's jr. super bowl commercial,1,sarcasm_headlines,,
lebanon's ex-pm says he will return amid claims he was being held captive by saudis,1,sarcasm_headlines,,
uneventful past finally catches up to boring man,0,sarcasm_headlines,,
this teacher remixes rap songs like 'bad and boujee' to teach history lessons,1,sarcasm_headlines,,
here's how much betsy devos and her family spent to back the gop senators who confirmed her,1,sarcasm_headlines,,
gwen stefani bares her soul performing 'i used to love you' at the amas,1,sarcasm_headlines,,
death to shoppers? al-shabaab and the fracturing of international jihadism,1,sarcasm_headlines,,
russell simmons leads 'i am a muslim too' rally in new york,1,sarcasm_headlines,,
"norman lear, common, shonda rhimes to explore inequality in epix documentary series",1,sarcasm_headlines,,
the daily szep- gop circus,1,sarcasm_headlines,,
chance the rapper unboxing his grammys with his daughter is too cute for words,1,sarcasm_headlines,,
"guys, someone edited chris farley into the 'mission: impossible' trailer",1,sarcasm_headlines,,
north korea fires short-range missile along its coast,1,sarcasm_headlines,,
"here's the poop on antarctica's secret penguin society, population 1.5 million",1,sarcasm_headlines,,
kathy griffin drops f-bomb while taking back her apology to trump,1,sarcasm_headlines,,
"dad recounts amazing story of how, through quick thinking, he saved $4.27",0,sarcasm_headlines,,
trump celebrates national parks — after proposing to slash their funding,1,sarcasm_headlines,,
americans say 2-to-1 that we never should have invaded iraq,1,sarcasm_headlines,,
does policing summons warrants really prevent serious crime?,1,sarcasm_headlines,,
gleeful kate mckinnon unleashes her inner robert mueller on 'snl',1,sarcasm_headlines,,
a millennial dad's tech divide,1,sarcasm_headlines,,
these drag superstars are searching for the world's first drag supermonster,1,sarcasm_headlines,,
save women's lives - end the helms overreach,1,sarcasm_headlines,,
trump uses rnc funds to pay for his russia defense -- thanks to hillary clinton's lawyer,1,sarcasm_headlines,,
pope francis has a very clear message for 'christians' who build walls,1,sarcasm_headlines,,
gratitude for the smartwatch,1,sarcasm_headlines,,
clay aiken gained 30 pounds eating bojangles chicken during his campaign,1,sarcasm_headlines,,
loyal dog waits patiently for 7 whole days for owner to come home,1,sarcasm_headlines,,
justin timberlake wants his son to be inspired by charlottesville's strength,1,sarcasm_headlines,,
cameron diaz finally opens up about generally positive experience in show business,0,sarcasm_headlines,,
"huffpollster: sorry bernie fans, a sanders comeback is unlikely",1,sarcasm_headlines,,
"stop talking about 'screen time,' start thinking about screen use",1,sarcasm_headlines,,
"thousands protest peacefully in baltimore, and many lend a helping hand",1,sarcasm_headlines,,
"homeless pitbull couldn't stop trembling, until someone showed her love",1,sarcasm_headlines,,
was there a villain in the 2014 election?,1,sarcasm_headlines,,
the shocking transformations of your favorite country stars,1,sarcasm_headlines,,
st. vincent will direct film adaptation of 'dorian gray' with female lead,1,sarcasm_headlines,,
the 9 amazing spring cleaning tips all dog owners should know,1,sarcasm_headlines,,
intelligence officials can't say how many americans they spy on,1,sarcasm_headlines,,
"dog, cat and squirrel drama escalates in a hurry",1,sarcasm_headlines,,
fda warns another company about unapproved consumer genetic tests,1,sarcasm_headlines,,
"trademarks show amazon has sights on meal-kits, 'single cow burgers' and other fast food options",1,sarcasm_headlines,,
my life in soaps,1,sarcasm_headlines,,
word origin comics: the abc's of education,1,sarcasm_headlines,,
kris jenner turned all the way up for drunken valentine's day karaoke,1,sarcasm_headlines,,
recapping the women's college advantage,1,sarcasm_headlines,,
12 times anna kendrick said exactly what you were thinking,1,sarcasm_headlines,,
greg hardy unapologetically denies domestic abuse allegations,1,sarcasm_headlines,,
former refugee fights for her dream to abolish female genital mutilation in somalia,1,sarcasm_headlines,,
how to break your internet addiction,1,sarcasm_headlines,,
new photo shows medusa nebula is way prettier than its namesake,1,sarcasm_headlines,,
"gorsuch, like thomas, will get his big payback",1,sarcasm_headlines,,
kam chancellor got the cops called on him for looking at a gym,1,sarcasm_headlines,,
baseball's new rules are even sillier than we thought,1,sarcasm_headlines,,
some of amazon's suitors have been burned before,1,sarcasm_headlines,,
image vs. substance in your self-made journey,1,sarcasm_headlines,,
it's not the '80s anymore: transition-related care is basic health care,1,sarcasm_headlines,,
suspected killer of little girl worked for police,1,sarcasm_headlines,,
"trump responds to father of killed american soldier, can't name a single sacrifice",1,sarcasm_headlines,,
a guide to sex at 50 and beyond,1,sarcasm_headlines,,
"why goals are landmarks meant to be passed, not reached",1,sarcasm_headlines,,
negative parent-teacher conference not exactly eye-opening for area mother,0,sarcasm_headlines,,
"your heart is probably older than you think, cdc warns",1,sarcasm_headlines,,
mom uses face-painting skills to turn kids into 'something magical',1,sarcasm_headlines,,
"thomas pogge has 'done damage' to yale philosophy department, colleague says",1,sarcasm_headlines,,
"how to make greek easter sweet bread ""tsoureki""",1,sarcasm_headlines,,
sean spicer finally calls it quits after 6 months of humiliations,1,sarcasm_headlines,,
fucking idiot has perfect gif for that,0,sarcasm_headlines,,
black voter turnout so far is not good for hillary clinton,1,sarcasm_headlines,,
"and now, the first picture from the 'gilmore girls' revival",1,sarcasm_headlines,,
7 mistakes leaders make that make everyone miserable,1,sarcasm_headlines,,
james corden's 'melania' longs to be part of our world in 'little mermaid' spoof,1,sarcasm_headlines,,
styrofoam coffee cup from omaha excited to finally see pacific ocean,0,sarcasm_headlines,,
why pediatricians are so upset that trump rescinded daca,1,sarcasm_headlines,,
kathy griffin lawyers up to address 'bullying' from trump family,1,sarcasm_headlines,,
how to meditate: guided practice for stress relief,1,sarcasm_headlines,,
what a dust devil looks like on mars,1,sarcasm_headlines,,
'95-'96 prayers finally answered,0,sarcasm_headlines,,
hillary clinton makes her final pitch of the election in north carolina,1,sarcasm_headlines,,
our cross to bear,1,sarcasm_headlines,,
look: 'thor's helmet' glows in brilliant neon hues,1,sarcasm_headlines,,
poisoned daughter of russian spy released from hospital,1,sarcasm_headlines,,
"jane lynch covers 'anaconda' -- yes, really!",1,sarcasm_headlines,,
early humans finally drunk enough to invent dancing,0,sarcasm_headlines,,
norway eliminates fm radio despite majority disapproval from citizens,1,sarcasm_headlines,,
north carolina sheriff's deputies disciplined over trump rally,1,sarcasm_headlines,,
dad finally found in front of tvs at sears,0,sarcasm_headlines,,
how to give a near perfect presentation (and why it's so hard for so many),1,sarcasm_headlines,,
"bill clinton, tim kaine cancel iowa event after police shooting",1,sarcasm_headlines,,
here's what you should know about that secret seychelles meeting,1,sarcasm_headlines,,
activists rally for domestic violence survivor found guilty of child abduction,1,sarcasm_headlines,,
bob dole makes car and driver 10 best list,0,sarcasm_headlines,,
arkansas begins listing some same-sex parents on birth certificates,1,sarcasm_headlines,,
the funniest tweets from parents this week,1,sarcasm_headlines,,
restoring a sense of decency to our destructive politics,1,sarcasm_headlines,,
congress ties controversial cybersecurity bill to key spending package,1,sarcasm_headlines,,
honoring congressional gold medal recipient raoul wallenberg: one man who made a difference,1,sarcasm_headlines,,
someone edited 'the last jedi' to make a 'chauvinist cut' without women,1,sarcasm_headlines,,
i just purged 80 percent of my closet. why do i feel so guilty?,1,sarcasm_headlines,,
how this transgender political hopeful plans to capitalize on 'milestone' ruling,1,sarcasm_headlines,,
north carolina republicans brace for 'bathroom law' blowback,1,sarcasm_headlines,,
5 workplace benefits you wish your company offered,1,sarcasm_headlines,,
are you in it to win it or in it not to lose?,1,sarcasm_headlines,,
last words: alyssa edwards reflects on 'rupaul's all stars drag race',1,sarcasm_headlines,,
10 habits of people in the most toxic relationships,1,sarcasm_headlines,,
"sex abuse survivor quits pope's commission, citing 'shameful' resistance",1,sarcasm_headlines,,
this is what it was like to go to the airport before 9/11,1,sarcasm_headlines,,
cop pleads not guilty in killing of sam dubose,1,sarcasm_headlines,,
"miley cyrus and liam hemsworth smooch on nye, and the world notices",1,sarcasm_headlines,,
prince charles thinks boys are finally old enough to hear what happened to their mother,0,sarcasm_headlines,,
cookie johnson reveals what led to a secret 2-week separation from magic johnson,1,sarcasm_headlines,,
two ministers claim they could face 180 years in jail for refusing to do gay weddings,1,sarcasm_headlines,,
ben affleck nominated for best friend of matt damon,0,sarcasm_headlines,,
you are no less of a man for having been assaulted,1,sarcasm_headlines,,
"beyoncé, me and the hbcu i should have gone to",1,sarcasm_headlines,,
the new york giants are even worse than last season,1,sarcasm_headlines,,
most long island politician ever attacks opponent for not loving billy joel enough,1,sarcasm_headlines,,
nyt column asserts: us colleges stink,1,sarcasm_headlines,,
nato confronts turkey on human rights concerns after donald trump lets them slide,1,sarcasm_headlines,,
look: world cup star attacked by giant bug,1,sarcasm_headlines,,
how to encourage quiet children to push past their fears,1,sarcasm_headlines,,
these christmas-inspired burgers are making the season bright,1,sarcasm_headlines,,
"here's what we learned during this miserable, endless election year",1,sarcasm_headlines,,
this sleep condition is more common than depression,1,sarcasm_headlines,,
here's why you shouldn't take selfies with pythons,1,sarcasm_headlines,,
5 bittersweet truths that put life into perspective,1,sarcasm_headlines,,
the first trailer for the queen biopic 'bohemian rhapsody' is here,1,sarcasm_headlines,,
perfect gift for boring asshole found at crate & barrel,0,sarcasm_headlines,,
barack obama makes last-minute push to block saudi 9/11 bill,1,sarcasm_headlines,,
"verizon ny charged 'basic rate' phone customers multiple rate increases for the deployment of the fios, title ii, fttp broadband networks",1,sarcasm_headlines,,
man who tried to burn ex-girlfriend's house with cheetos is convicted,1,sarcasm_headlines,,
global perceptions of china as a superpower,1,sarcasm_headlines,,
how model valerie ramsey is opening new worlds for older women,1,sarcasm_headlines,,
mother's day ad shows moms from the perspective of toddlers,1,sarcasm_headlines,,
"wiz khalifa, fetty wap and omi had the internet's most-streamed songs of the summer",1,sarcasm_headlines,,
the united base of america,1,sarcasm_headlines,,
abdul malik abdul kareem guilty of conspiring to support isis in texas attack,1,sarcasm_headlines,,
mizzou chancellor says he's not going to rush to fire melissa click,1,sarcasm_headlines,,
deadly flooding in sudan kills at least 76 people,1,sarcasm_headlines,,
"this 4-year-old adores chris pratt so much, she totes around a cutout of him",1,sarcasm_headlines,,
"trump rebuffs his opioid task force, declines to declare state of emergency",1,sarcasm_headlines,,
educating for democracy: collegiate sports and march madness,1,sarcasm_headlines,,
bernie sanders' health care bill is a huge win for the abortion rights movement,1,sarcasm_headlines,,
warren buffett's son pledges $90 million to support girls and women of color,1,sarcasm_headlines,,
santa obliges dad of sleeping boy by snoozing on camera,1,sarcasm_headlines,,
this lady gaga parody gives a 'million reasons' why 2016 really sucked,1,sarcasm_headlines,,
alligator and python locked in death duel on golf course,1,sarcasm_headlines,,
house republican spending bill seeks to block obama's carbon rules,1,sarcasm_headlines,,
8 herbs and spices that fight off disease,1,sarcasm_headlines,,
"20 years after big tobacco, is it time for 'big pain'?",1,sarcasm_headlines,,
senator manchin's latest attempt at curbing opioid addiction is a very bad idea,1,sarcasm_headlines,,
the 6 real reasons i'm happy to be married,1,sarcasm_headlines,,
2 koreas make history marching under unified flag in olympics opener,1,sarcasm_headlines,,
praia de iracema is the place you should have been this week,1,sarcasm_headlines,,
caught on video: that horrifying moment your parachute fails and floats away in the wind,1,sarcasm_headlines,,
marco rubio doesn't have a clue what 'oscars so white' means,1,sarcasm_headlines,,
no more 'reconciliation' talk,1,sarcasm_headlines,,
"confronting isil: the day and decade ""after""",1,sarcasm_headlines,,
fema recommends americans always have go-bag packed in case past finally catches up with them,0,sarcasm_headlines,,
5 types of annoying people to avoid at all costs,1,sarcasm_headlines,,
pilot was locked out of cockpit before alps crash,1,sarcasm_headlines,,
"million robot march attended by exactly 1,000,000 robots",0,sarcasm_headlines,,
firefighter loses home to fire days after he receives racist threat,1,sarcasm_headlines,,
china to send elite army unit to ebola-hit liberia,1,sarcasm_headlines,,
literally every sentence in this ted cruz quote is misleading or false,1,sarcasm_headlines,,
chris rock and dave chappelle did a surprise stand-up set together this weekend,1,sarcasm_headlines,,
democrats split over opposing government funding bill that doesn't protect dreamers,1,sarcasm_headlines,,
"sanders gains with democratic activists, but clinton still leads",1,sarcasm_headlines,,
obama has tied reagan in public opinion polls,1,sarcasm_headlines,,
man records every detail of his life for 5 years,1,sarcasm_headlines,,
"a global meditation for world peace, december 12, 2014",1,sarcasm_headlines,,
trump won't endorse paul ryan or john mccain,1,sarcasm_headlines,,
russia vows to expand 'black list' of americans in response to new sanctions,1,sarcasm_headlines,,
adventures in instructional coaching: it's time to teach,1,sarcasm_headlines,,
"""remembering george haley: the greatest american you've never heard of""",1,sarcasm_headlines,,
this is how the republican presidential candidates talk about women,1,sarcasm_headlines,,
here's the smart thing the nfl is doing to fix its dumb catch rule,1,sarcasm_headlines,,
obama's foreign policy approval drops in new poll,1,sarcasm_headlines,,
"first nighter: gyllenhaal, wilson illuminate nick payne's 'constellations'",1,sarcasm_headlines,,
dog finds absolutely perfect place to shit,0,sarcasm_headlines,,
donald trump calls hillary clinton 'the devil',1,sarcasm_headlines,,
why the deadly attacks against foreigners in south africa come as no surprise,1,sarcasm_headlines,,
hotel/restaurant mogul robert earl wants you to be his guest,1,sarcasm_headlines,,
that show about the lady sheriff finally released on dvd,0,sarcasm_headlines,,
joe biden backed bills to make it harder for americans to reduce their student debt,1,sarcasm_headlines,,
pope visits one of italy's most dangerous areas,1,sarcasm_headlines,,
'conscious uncoupling is wimping out' and 14 other life lessons,1,sarcasm_headlines,,
"18-to-35 white, male demographic still searching for perfect way to quench its thirst",0,sarcasm_headlines,,
six inspiring architectural projects that have revitalized muslim communities,1,sarcasm_headlines,,
study: best method of finding job still excitedly circling newspaper listing in red marker,0,sarcasm_headlines,,
the house science committee doesn't seem to understand the concept of winter,1,sarcasm_headlines,,
'pan' fails to take flight at the box office,1,sarcasm_headlines,,
one direction star responds to claims he's homophobic,1,sarcasm_headlines,,
the gallery trying to get women artists paid,1,sarcasm_headlines,,
airasia passengers share stories of near-misses that kept them off vanished plane,1,sarcasm_headlines,,
i am not a prostitute. i'm a female solo traveler!,1,sarcasm_headlines,,
"newtown shooter may have had interest in pedophilia, fbi reveals",1,sarcasm_headlines,,
parents reveal the wackiest items on their kids' santa lists,1,sarcasm_headlines,,
6 summer salads you'll actually crave,1,sarcasm_headlines,,
prosecutor tells black congressmembers the war on drugs isn't racist,1,sarcasm_headlines,,
dr. krugman meets dr. fox,1,sarcasm_headlines,,
cnn's ana navarro says michelle wolf's critics are acting like 'snowflakes',1,sarcasm_headlines,,
december north dakota oil spill more than 3 times larger than initial estimate,1,sarcasm_headlines,,
seattle ushers in $15 minimum wage amid national debate,1,sarcasm_headlines,,
what this dad realized when he patted himself on the back for 'helping',1,sarcasm_headlines,,
8 holiday beauty hacks every woman should know,1,sarcasm_headlines,,
"emporia, kansas named best small town in america to escape from",0,sarcasm_headlines,,
man accused of keeping woman in crate killed by cops,1,sarcasm_headlines,,
monsanto spin doctors target cancer scientist in flawed reuters story,1,sarcasm_headlines,,
dad straps baby to steering wheel and spins him around,1,sarcasm_headlines,,
bill moyers' departure from tv leaves a huge hole,1,sarcasm_headlines,,
'alone in the game' shows biggest hurdles for lgbtq athletes exist off the field,1,sarcasm_headlines,,
12 things i've learned living 12 years with cancer,1,sarcasm_headlines,,
chief justice john roberts eulogizes antonin scalia as 'our man for all seasons',1,sarcasm_headlines,,
panama papers include dozens of americans tied to fraud and financial misconduct,1,sarcasm_headlines,,
how to stop being a martyr,1,sarcasm_headlines,,
donald glover did what any fan would do after being cast in 'solo',1,sarcasm_headlines,,
"americans more polarized than at any time in last two decades, poll shows",1,sarcasm_headlines,,
kellie pickler hilariously misses the buzzer in celebrity 'family feud' fail,1,sarcasm_headlines,,
"d-wade, udonis haslem, and lebron opt out",1,sarcasm_headlines,,
at&t set to announce directv acquisition sunday,1,sarcasm_headlines,,
"black realness in the mainstream, but is everybody watching?",1,sarcasm_headlines,,
ted cruz may be too conservative to stop trump,1,sarcasm_headlines,,
jay z hopes kalief browder's story will 'save a lot of lives',1,sarcasm_headlines,,
black twitter is freaking out over harriet tubman on the $20 bill,1,sarcasm_headlines,,
"chris christie, mike huckabee bumped from main gop debate",1,sarcasm_headlines,,
radio host pranks the $%#& out of co-host,1,sarcasm_headlines,,
donald trump reportedly approves race summit with colin kaepernick,1,sarcasm_headlines,,
"bacon good for you, reports best scientist ever",0,sarcasm_headlines,,
selig counted money while baseball lost the next generation of fans,1,sarcasm_headlines,,
seth rogen takes down donald trump in donald trump jr.'s dms,1,sarcasm_headlines,,
the most feminist white house in history just made one of its last moves on equal pay,1,sarcasm_headlines,,
is it easier to be a sahm or a working mother?,1,sarcasm_headlines,,
"man throws brisket at woman during beef at bbq fest, police say",1,sarcasm_headlines,,
how a man who got his start in construction became the most powerful foreign policy voice in congress,1,sarcasm_headlines,,
montreal's osm concludes couche-tard virée classique with record attendance,1,sarcasm_headlines,,
journalists push back on correspondents' association's response to michelle wolf,1,sarcasm_headlines,,
the daily fantasy sports protests in nyc looked hilarious,1,sarcasm_headlines,,
comic takes your awful first date to its logically terrifying extreme,1,sarcasm_headlines,,
south sudan marks 6 years of independence as 6 million go hungry,1,sarcasm_headlines,,
'star wars' fans are freaking out because 'jedi' in 'the last jedi' is plural,1,sarcasm_headlines,,
freedom with a twist of maturity,1,sarcasm_headlines,,
six teenagers in britain suspected of killing polish man in hate crime,1,sarcasm_headlines,,
there's nothing wrong with those of us who want to color our gray hair,1,sarcasm_headlines,,
"watch out, sephora. h&m beauty is coming for you.",1,sarcasm_headlines,,
jeremy corbyn is following bernie sanders' campaign with 'great interest',1,sarcasm_headlines,,
google introduces a new way to screen telemarketers,1,sarcasm_headlines,,
federal judge orders return of iranian national deported under trump's ban,1,sarcasm_headlines,,
how to splurge without derailing your weight loss,1,sarcasm_headlines,,
khizr khan sees a shared 'moral compass' in lessons of japanese-american incarceration,1,sarcasm_headlines,,
donald trump picks up his first congressional endorsements,1,sarcasm_headlines,,
stop judging other moms,1,sarcasm_headlines,,
sephora makeup artist helping woman create the perfect pink eye,0,sarcasm_headlines,,
every single slang word ever used for 'drunk',1,sarcasm_headlines,,
this is the world in your voice.,1,sarcasm_headlines,,
relapse greatest week of man's life,0,sarcasm_headlines,,
honest parents share their hilarious confessions,1,sarcasm_headlines,,
second texas judge leaves the republican party in the age of donald trump,1,sarcasm_headlines,,
8 buttoned-up wedding looks that are anything but boring,1,sarcasm_headlines,,
newspaper formally apologizes to wookiees for a 40-year-old 'star wars' mistake,1,sarcasm_headlines,,
"european commission president rips brexit leaders as 'sad,' 'not patriots'",1,sarcasm_headlines,,
highway sign hacked to show crude message about donald trump,1,sarcasm_headlines,,
watch: shep smith's chilling description of new isis video,1,sarcasm_headlines,,
the democratic presidential candidates meet again at a forum in iowa,1,sarcasm_headlines,,
"a global inspiration: 'queen of katwe' brings worldwide message of faith, resilience for youth",1,sarcasm_headlines,,
is twitter bad for language? statistical analysis says no (new book),1,sarcasm_headlines,,
jesus was a socialist,1,sarcasm_headlines,,
considering self-employment? 7 questions to ask yourself,1,sarcasm_headlines,,
do we risk having two-tier access to renewable energy?,1,sarcasm_headlines,,
this guy used augmented reality to recreate 'the ring' in real life,1,sarcasm_headlines,,
'full frontal with samantha bee' imagines trump's twitter reviews of meryl streep films,1,sarcasm_headlines,,
"a-sides with jon chattman: ryan shaw shows some ""real love""; animal years lift some spirits",1,sarcasm_headlines,,
the fbi just blasted reporting on the san bernardino killings,1,sarcasm_headlines,,
woman perfectly breaks down why she's not 'just' a nurse,1,sarcasm_headlines,,
white house: no evidence russian air strike killed isis leader,1,sarcasm_headlines,,
rockette says inauguration performance is 'an issue of racism and sexism',1,sarcasm_headlines,,
"latina says napa valley wine train threatened her group too, suggests 'a pattern'",1,sarcasm_headlines,,
california mayor sleeps in cardboard box for night to 'experience' homelessness,1,sarcasm_headlines,,
watch: homophobes have invented a scary new tactic to undo equal rights,1,sarcasm_headlines,,
12 delicious marcel duchamp quotes to unleash your inner artist,1,sarcasm_headlines,,
bill cosby defamation suit adds four more women,1,sarcasm_headlines,,
donald trump revels in recounting the 'very good towels' he threw to hurricane victims,1,sarcasm_headlines,,
want to harm your relationship? here are 2 easy ways!,1,sarcasm_headlines,,
"if you can't keep your new year's resolutions, be kind to yourself",1,sarcasm_headlines,,
philadelphiatheatreco. celebrates 40 with stars aligned,1,sarcasm_headlines,,
7 new reasons to love wallpaper,1,sarcasm_headlines,,
"a song for bruce rauner, illinois' uber-rich gop governor candidate",1,sarcasm_headlines,,
"stage door: lypsinka! the trilogy, billy & ray, mozart's the magic flute",1,sarcasm_headlines,,
kashmir: when is the farewell to violence?,1,sarcasm_headlines,,
why writers must plan to be surprised,1,sarcasm_headlines,,
why have there been so many anti-gay attacks in dallas?,1,sarcasm_headlines,,
kentucky governor's crime plan: volunteer 'prayer patrols' roaming the streets,1,sarcasm_headlines,,
trevor noah: michael flynn too 'stupid' to be national security adviser,1,sarcasm_headlines,,
getting randomly picked to make half-court shots now best way to earn living,0,sarcasm_headlines,,
snl praised for 'draw muhammad' skit,1,sarcasm_headlines,,
democratic senators vow transportation bill fight over safety,1,sarcasm_headlines,,
female entrepreneur : karen quinones,1,sarcasm_headlines,,
reese witherspoon was red hot at the 'gone girl' premiere,1,sarcasm_headlines,,
barb from 'stranger things' is pissed she was left in the upside down,1,sarcasm_headlines,,
report: sheldon adelson backs trump trip to israel after $100 million pledge,1,sarcasm_headlines,,
ranking 25 of the best 'american horror story' characters ever,1,sarcasm_headlines,,
barry jenkins quietly makes history with oscar nomination trifecta,1,sarcasm_headlines,,
"here's how to become kris jenner's assistant, according to kris jenner",1,sarcasm_headlines,,
pope admits he made 'serious errors' in handling chile sex abuse allegations,1,sarcasm_headlines,,
how to track santa claus' flight around the world this christmas eve,1,sarcasm_headlines,,
google once made a promise not to be evil. will alphabet uphold it?,1,sarcasm_headlines,,
"how to beat the winter blues, according to top experts",1,sarcasm_headlines,,
mike bloomberg apologizes for giving his top political journalists a watergate-era nickname,1,sarcasm_headlines,,
get lucky now: 4 simple ways to jump start your successes in life,1,sarcasm_headlines,,
native american students sue the u.s. government over dismal education,1,sarcasm_headlines,,
wednesday's morning email: republicans on cusp of passing tax giveaway,1,sarcasm_headlines,,
france-bound airliner grounded at amsterdam over threatening tweet,1,sarcasm_headlines,,
r.l. stine releases 'goosebumps' titles his publisher rejected,1,sarcasm_headlines,,
stephen colbert takes out a 'for your consideration' ad for trump's fake news awards,1,sarcasm_headlines,,
buck up. the denver holiday season is upon us,1,sarcasm_headlines,,
senate's turn to act on patent reform this week,1,sarcasm_headlines,,
how to stop the tragic loss of beer on st. patrick's day,1,sarcasm_headlines,,
9 nitty-gritty organizing tips,1,sarcasm_headlines,,
the roots to premiere 2 children's series on amazon,1,sarcasm_headlines,,
voters face some confusion at polls in alabama special election,1,sarcasm_headlines,,
msnbc head pledges to boost diversity after cinco de mayo disaster,1,sarcasm_headlines,,
"'everything, everything' answers calls for more movies about women of color just being women",1,sarcasm_headlines,,
mental health and nuclear weapons,1,sarcasm_headlines,,
lena dunham defends 'girls' writer accused of raping 17-year-old,1,sarcasm_headlines,,
fact-checking walmart's fact-check of the new york times,1,sarcasm_headlines,,
angelique kerber defeats serena williams in australian open,1,sarcasm_headlines,,
there's a major intensity gap on the gop's new health bill,1,sarcasm_headlines,,
stephen colbert mocks lawmakers for talking porn instead of guns,1,sarcasm_headlines,,
climate deal text 'agreed' in paris,1,sarcasm_headlines,,
"here's why miley cyrus is my non-straight, non-binary role model",1,sarcasm_headlines,,
craig sager brings his a-game to facetime fellow cancer patient,1,sarcasm_headlines,,
'saturday night live' celebrates halloween with spooktacular montage,1,sarcasm_headlines,,
nuclear warhead thrilled for chance to finally escape north korea,0,sarcasm_headlines,,
birdman is an astonishing new film,1,sarcasm_headlines,,
seth meyers has a not-so-subtle message for donald trump,1,sarcasm_headlines,,
"the great seafood treats of late summer, part ii: the fish fry",1,sarcasm_headlines,,
bethenny frankel fights back after instagram controversy,1,sarcasm_headlines,,
alice waters: 'we are digesting values' when we eat,1,sarcasm_headlines,,
pakistani military engagement: walking a fine line between saudi arabia and iran,1,sarcasm_headlines,,
is 'the happiest man in america' still happy?,1,sarcasm_headlines,,
samsung slashes profit forecast after pulling plug on note 7 smartphone,1,sarcasm_headlines,,
this rescued mink just discovered the joy of being in water,1,sarcasm_headlines,,
james woods goes after anderson cooper with homophobic 'butt plug' tweet,1,sarcasm_headlines,,
zeke thomas wants gay men to stop staying silent about assault,1,sarcasm_headlines,,
lena dunham's dog quiz is shameful,1,sarcasm_headlines,,
scientists discover perfect little out-of-the-way place,0,sarcasm_headlines,,
things heat up in the kitchen when 12-year-old busts out moves we didn't see coming,1,sarcasm_headlines,,
dems call for investigation into group behind planned parenthood 'sting' videos,1,sarcasm_headlines,,
obama takes part in town hall on gun violence,1,sarcasm_headlines,,
why shopping doesn't solve problems in the fashion industry,1,sarcasm_headlines,,
'house of cards' tweet about the comey testimony is spot on,1,sarcasm_headlines,,
travel ban challengers lose bid for rudy giuliani's purported 'muslim ban' memo,1,sarcasm_headlines,,
why it might cost you a bit more to get in the door at costco,1,sarcasm_headlines,,
avoid confrontation in the south china sea,1,sarcasm_headlines,,
from the maasai mara to the bbc's big cat diary: an interview with jackson looseyia,1,sarcasm_headlines,,
"news roundup for may 31, 2017",1,sarcasm_headlines,,
samantha bee sums up ivanka trump's new white house role in just 8 words,1,sarcasm_headlines,,
why were so many beloved christmas songs written by jewish musicians?,1,sarcasm_headlines,,
8 common habits that are completely killing the chances of living out your dream,1,sarcasm_headlines,,
teen accepted into 113 colleges chooses full ride to hbcu,1,sarcasm_headlines,,
rules for selling during winter months,1,sarcasm_headlines,,
twitter rips hillary-bashing susan sarandon for women-unite speech at golden globes,1,sarcasm_headlines,,
5 signs that you should end your relationship,1,sarcasm_headlines,,
darren wilson and vegan mom,1,sarcasm_headlines,,
why we should care about changes in the pharmaceutical industry,1,sarcasm_headlines,,
nicolas sarkozy promises nationwide ban of burkinis if elected,1,sarcasm_headlines,,
what it's like to be suddenly poor and homeless at 70,1,sarcasm_headlines,,
gop moderates plot way out of house budget mess,1,sarcasm_headlines,,
ernie hudson reportedly joins bill murray and dan aykroyd in 'ghostbusters' reboot,1,sarcasm_headlines,,
what i learned from being diagnosed with narcolepsy,1,sarcasm_headlines,,
why your friend doesn't experience stress the same way you do,1,sarcasm_headlines,,
trump supporters organize their own rallies across the country,1,sarcasm_headlines,,
newlywed couple crash cars into each other in fatal accident,1,sarcasm_headlines,,
white house probes kushner business loans after ethics questions,1,sarcasm_headlines,,
chance the rapper celebrates the last christmas before donald trump with run-dmc spoof,1,sarcasm_headlines,,
homeland security finally vows to fully join investigation into 'hate-inspired attacks',1,sarcasm_headlines,,
reince priebus says it's 'too late' for a new candidate to stop trump,1,sarcasm_headlines,,
ucla to launch taskforce into campus shooting,1,sarcasm_headlines,,
"elizabeth warren 1, wall street clown 0",1,sarcasm_headlines,,
11 sweet and savory apple recipes you'll fall for,1,sarcasm_headlines,,
"after shooting, orlando chefs provide thousands of free meals",1,sarcasm_headlines,,
study can't confirm results of many psychology experiments,1,sarcasm_headlines,,
why did corporate reformers overlook newark's children and families?,1,sarcasm_headlines,,
brian willams and the flip wilson defense,1,sarcasm_headlines,,
senate democrats already willing to work with trump administration,1,sarcasm_headlines,,
these gay dads prove you're never too old to start your own beautiful family,1,sarcasm_headlines,,
a constitutional scandal worse than iran-contra or watergate,1,sarcasm_headlines,,
bullying prevention: the power of empathy,1,sarcasm_headlines,,
tucker carlson's bizarre rant over lauren duca,1,sarcasm_headlines,,
the writers workbench: solar chargers,1,sarcasm_headlines,,
let the past be your teacher,1,sarcasm_headlines,,
lin-manuel miranda takes bow as hamilton one last time,1,sarcasm_headlines,,
sears and kmart drop 31 trump home items from their online shops,1,sarcasm_headlines,,
5 crazy things about monday night's historic kansas-oklahoma game,1,sarcasm_headlines,,
"cockroach milk might be the hot new superfood, according to science",1,sarcasm_headlines,,
will ferrell reprises his role as george w. bush for samantha bee,1,sarcasm_headlines,,
these vintage ads prove we had no idea what the future would actually look like,1,sarcasm_headlines,,
millions of kids might lose health care because congress dropped the ball,1,sarcasm_headlines,,
5 faulty beliefs that have led to republican dysfunction on health care,1,sarcasm_headlines,,
california's marijuana legalization aims to repair damage from the war on drugs,1,sarcasm_headlines,,
the five biggest lies about obamacare,1,sarcasm_headlines,,
officer's life saved when he shoots bullet directly into suspect's gun,1,sarcasm_headlines,,
engineer's voicemail warned state of bridge cracks 2 days before collapse,1,sarcasm_headlines,,
trevor noah says wikileaks proves clinton is guilty -- of being boring,1,sarcasm_headlines,,
mothers who breastfeed might have lower multiple sclerosis risk,1,sarcasm_headlines,,
"watch this guy play out the entire 2017 oscars, impressions and all",1,sarcasm_headlines,,
man finally comfortable enough around girlfriend to cheat on her,0,sarcasm_headlines,,
being moody helps us adapt to change,1,sarcasm_headlines,,
how a traveling consultant helps america hide the homeless,1,sarcasm_headlines,,
syrian archbishop on christians threatened by isis: 'we may disappear soon',1,sarcasm_headlines,,
report: john grisham slowly but surely climbing list of greatest living american authors,0,sarcasm_headlines,,
this bill could automatically register 50 million people to vote,1,sarcasm_headlines,,
carmelo anthony randomly ran a mini-marathon mid-game,1,sarcasm_headlines,,
why should you feel threatened by the greeting card industry?,1,sarcasm_headlines,,
watch: stone brewing evacuates as wildfire approaches,1,sarcasm_headlines,,
the gentrification of higher ed,1,sarcasm_headlines,,
overwhelmed new grandparents finally feeling what it like to love a child,0,sarcasm_headlines,,
area man needs two more trips to best buy to beat xbox 360 game,0,sarcasm_headlines,,
sexual 'fluidity' makes singer kacy hill feel 'like a woman',1,sarcasm_headlines,,
molly shannon is returning to 'will & grace',1,sarcasm_headlines,,
hillary clinton and bernie sanders vie for california's support,1,sarcasm_headlines,,
once homeless student who worked 4 jobs to support family graduates college,1,sarcasm_headlines,,
second biggest opening in history,1,sarcasm_headlines,,
rome's gay pride revelers have other aims for their march,1,sarcasm_headlines,,
surgical tech in needle-swap scandal at swedish medical center has hiv,1,sarcasm_headlines,,
desperate dole promises best prom ever,0,sarcasm_headlines,,
conversion 'therapy' survivor shares harrowing experience,1,sarcasm_headlines,,
tennis legend althea gibson to be honored with statue at u.s. open site,1,sarcasm_headlines,,
what older men want young men to know about love,1,sarcasm_headlines,,
frank gehry: is music liquid architecture?,1,sarcasm_headlines,,
federal judge refuses to block mississippi anti-lgbt law,1,sarcasm_headlines,,
federal reserve accidentally leaks secret documents,1,sarcasm_headlines,,
how to survive an unpredictable winter,1,sarcasm_headlines,,
report: former microsoft ceo agrees to buy clippers for $2 billion,1,sarcasm_headlines,,
dolphins chatter more when solving tricky tasks,1,sarcasm_headlines,,
noaa predicts we'll see more hurricanes this year than in 2015,1,sarcasm_headlines,,
woman with really pointy feet finds perfect shoes,0,sarcasm_headlines,,
trump's new medicaid rules aren't about empowering people. they're about punishing the poor.,1,sarcasm_headlines,,
'i'm sorry i didn't finish the job',1,sarcasm_headlines,,
cat seemed perfectly content right up until point he bolted out of room,0,sarcasm_headlines,,
"i'm a refugee. in america, i felt safe for the first time. now all i feel is fear.",1,sarcasm_headlines,,
3 libertarians fuel $7 million super pac in philadelphia's mayoral democratic primary,1,sarcasm_headlines,,
deputy interior secretary met with lobbyist for a casino his former firm also represents,1,sarcasm_headlines,,
amazing photos: ufos spotted above loch ness,1,sarcasm_headlines,,
donald trump opponents' path to victory is dark and full of terrors,1,sarcasm_headlines,,
how to be influenced by real love,1,sarcasm_headlines,,
trump suggests florida students could have done more to prevent deadly shooting,1,sarcasm_headlines,,
'middle east peace process?' high time for a new name,1,sarcasm_headlines,,
chicago st. patrick's day parade finally lifts ban on snakes,0,sarcasm_headlines,,
facebook outreach tool ignores black lives matter,1,sarcasm_headlines,,
"pathetic, washed-up rock star on fifth decade of doing exactly what he always wanted",0,sarcasm_headlines,,
why political losers tell us more about american politics than the winners,1,sarcasm_headlines,,
morocco cracks down on journalists,1,sarcasm_headlines,,
"the beyhive swarms rachael ray, thinking she is rachel roy",1,sarcasm_headlines,,
trump administration suddenly pulls plug on teen pregnancy programs,1,sarcasm_headlines,,
a 'sweet valley high' reboot is not totally out of the question,1,sarcasm_headlines,,
here's what clinton and trump were really thinking about during the debate,1,sarcasm_headlines,,
"linda brown, center of brown v. board of education, dies at 76",1,sarcasm_headlines,,
taylor swift says ryan adams' 1989 cover album is 'such an honor',1,sarcasm_headlines,,
"obama praises 'the america i know,' says hillary clinton is the one to lead it",1,sarcasm_headlines,,
"inaugural parade route for donald trump doesn't violate first amendment, court rules",1,sarcasm_headlines,,
strangely compelling 'shybot' roams california desert avoiding humans,1,sarcasm_headlines,,
wednesday's morning email: what you missed last night in trump's state of the union,1,sarcasm_headlines,,
minnesota resident thinking of finally packing it all up and moving someplace warm like michigan,0,sarcasm_headlines,,
ebola in sierra leone: 'it reminded me of a conflict zone',1,sarcasm_headlines,,
bruce springsteen takes powerful stance amid trump's immigration ban,1,sarcasm_headlines,,
obama finally reveals nature of his work to daughters,0,sarcasm_headlines,,
bringing the girl scout movement to the crossroads of the west,1,sarcasm_headlines,,
tania bruguera: 'in cuba we have learned our duties very well but not our rights',1,sarcasm_headlines,,
the eyes have it on this week's beauty list,1,sarcasm_headlines,,
6 reasons why trump's wall is even dumber than most of trump's other ideas,1,sarcasm_headlines,,
"trump/netanyahu meet: an exercise in fawning, fantasy and anti-palestinian incitement",1,sarcasm_headlines,,
aliens in avocado super bowl ad think we're a bunch of dips,1,sarcasm_headlines,,
mom sentenced for encouraging boyfriend's sex assault on baby,1,sarcasm_headlines,,
in 'the idea of love' lies lead to love,1,sarcasm_headlines,,
emotional justice: what black women want and need,1,sarcasm_headlines,,
gop senator still thinks efforts to end housing discrimination fueled financial crisis,1,sarcasm_headlines,,
donald trump injects yet another conspiracy theory into 2016 news cycle,1,sarcasm_headlines,,
woman mentally rifles through friends for perfect person to sympathize with current pettiness,0,sarcasm_headlines,,
a writer's guide to being a writer 6: the influencer - the loudest voice in the room,1,sarcasm_headlines,,
watch: how do you train for a competitive eating contest?,1,sarcasm_headlines,,
live election coverage: watch as midterm results pour in,1,sarcasm_headlines,,
12 stylish easter ideas that go beyond the holiday,1,sarcasm_headlines,,
james comey to testify he told trump he wasn't under investigation (udpate),1,sarcasm_headlines,,
obama to cancel debts owed by defrauded for-profit college students,1,sarcasm_headlines,,
watch: former british open champ makes embarrassing putting fail,1,sarcasm_headlines,,
elon football player demitri allison dies in 10-story fall,1,sarcasm_headlines,,
"the 2018 winter olympics in pyeongchang, by the numbers",1,sarcasm_headlines,,
florida passes bill gutting abortion and contraception access,1,sarcasm_headlines,,
"reeva steenkamp can 'rest in peace' after oscar pistorius' sentence doubled, her family says",1,sarcasm_headlines,,
furious dianne feinstein demands nsa figure out exactly who didn't endorse her,0,sarcasm_headlines,,
ann coulter says 'every woman who has ever been employed by fox' has stories about roger ailes,1,sarcasm_headlines,,
"after criticism, benjamin netanyahu defends planned speech to congress",1,sarcasm_headlines,,
mass die-off of dolphins directly linked to deepwater horizon spill,1,sarcasm_headlines,,
an uber for cuba?,1,sarcasm_headlines,,
eight must-reads for fashionistas,1,sarcasm_headlines,,
psychic phone service devastates competition by only hiring the best psychics,0,sarcasm_headlines,,
ali krieger's strategy for taking setbacks in stride,1,sarcasm_headlines,,
james corden shuts down bill o'reilly's slavery comments,1,sarcasm_headlines,,
"another white house iftar, another ramadan without my brother",1,sarcasm_headlines,,
nation still outraged 1933 best picture went to 'cavalcade' instead of 'lady for a day',0,sarcasm_headlines,,
tuesday's morning email: prep school drug kingpins busted,1,sarcasm_headlines,,
what to expect from 'the simpsons'/'family guy' crossover,1,sarcasm_headlines,,
'let's go home': the power of redemption,1,sarcasm_headlines,,
school got complaints about teacher even before huffpost revealed her racial bias,1,sarcasm_headlines,,
"sadly, gift certificate to loews cinemas perfect gift for area man",0,sarcasm_headlines,,
maryland high school shooting victim to be taken off life support,1,sarcasm_headlines,,
5 tricks from mom to help you manage stress,1,sarcasm_headlines,,
no velvet rope for healthcare abroad,1,sarcasm_headlines,,
this 23-month-old is probably more stylish than you,1,sarcasm_headlines,,
kristen bell and dax shepard are giving us everything at the golden globes,1,sarcasm_headlines,,
"the vicious knot of syria, the untangling process contains solutions in our time",1,sarcasm_headlines,,
opposition protesters rally in venezuela against president maduro,1,sarcasm_headlines,,
french authorities hunt for 8th suspect after discovering alleged getaway car,1,sarcasm_headlines,,
'neo-nazi' teen charged with killing girlfriend's parents after they reported him,1,sarcasm_headlines,,
viral facebook post reminds dudes not every woman wants to talk to them,1,sarcasm_headlines,,
author of botched daniel holtzclaw profile apologizes for 'lopsided account',1,sarcasm_headlines,,
number one way to not forget your child in the car? be more present,1,sarcasm_headlines,,
is 'russiagate' collapsing as a political strategy?,1,sarcasm_headlines,,
justice sotomayor: stop bending the constitution to favor cops,1,sarcasm_headlines,,
u.s. ambassador to un travels to ebola-stricken west africa,1,sarcasm_headlines,,
14 truths about being an asexual person,1,sarcasm_headlines,,
so you want to be an entrepreneur? 4 reasons to think twice,1,sarcasm_headlines,,
crowd cheers as 93-year-old fuckup finally graduates from college,0,sarcasm_headlines,,
social engineering: 9 ways to keep your identity safe,1,sarcasm_headlines,,
doctor of man who contracted hiv on prep discusses his findings and what they mean,1,sarcasm_headlines,,
watch an escalator malfunction send flyers hockey fans flying,1,sarcasm_headlines,,
why i'm proud of 'that belly',1,sarcasm_headlines,,
here's what it's like to be somebody who hates everyone and everything,1,sarcasm_headlines,,
why china's economic woes are causing alarm in africa,1,sarcasm_headlines,,
'game of thrones' star offers support for creepy lady stoneheart theory,1,sarcasm_headlines,,
bill maher calls out donald trump's racism with spot-on monologue,1,sarcasm_headlines,,
i was pranked by muhammed ali,1,sarcasm_headlines,,
friends always on best behavior around neil labute,0,sarcasm_headlines,,
"reporter crashes the debate and causes some good, old-fashioned chaos",1,sarcasm_headlines,,
great conversations: robert evans,1,sarcasm_headlines,,
dog or lena dunham?,1,sarcasm_headlines,,
hillary clinton loses lead over bernie sanders in new iowa poll,1,sarcasm_headlines,,
stephen curry signs an insane deal with golden state warriors,1,sarcasm_headlines,,
what's good for cuomo is bad for students,1,sarcasm_headlines,,
dove deodorant's #alternativefacts campaign trolls the trump administration,1,sarcasm_headlines,,
here are some of the best signs from the equality and resist marches,1,sarcasm_headlines,,
10 years of marriage equality,1,sarcasm_headlines,,
pro-choice gop senators keep voting for trump's anti-abortion judges,1,sarcasm_headlines,,
democratic senator calls for cia director to resign,1,sarcasm_headlines,,
the restrictions journalists agreed to in order to attend the koch brothers' conference,1,sarcasm_headlines,,
police investigating two possible hate crimes from sf pride weekend,1,sarcasm_headlines,,
i'm mourning the old kidz bop kids,1,sarcasm_headlines,,
why we eat too much,1,sarcasm_headlines,,
colin powell has no plans to endorse or speak at either convention,1,sarcasm_headlines,,
"dubai unveils plans for marsa al arab, a $1.7 billion island resort",1,sarcasm_headlines,,
david brooks urges republicans: don't settle for cruz,1,sarcasm_headlines,,
5 money lessons to teach our daughters,1,sarcasm_headlines,,
lauren conrad is a redhead now,1,sarcasm_headlines,,
how a political scientist broke the news of trump's meeting with putin,1,sarcasm_headlines,,
"skydivers perfectly land slip 'n slide from 5,000 feet",1,sarcasm_headlines,,
when your life clicks into place,1,sarcasm_headlines,,
the problem with science journalism: we've forgotten that reality matters most,1,sarcasm_headlines,,
rashida jones pays homage to the '90s with 'flip and rewind' music video,1,sarcasm_headlines,,
cathedral moves sculpture because texters keep bumping into it,1,sarcasm_headlines,,
the gun doesn't have to go off for it to be a hate crime,1,sarcasm_headlines,,
lindsey graham booed at town hall for supporting neil gorsuch,1,sarcasm_headlines,,
a safe birth for imelda,1,sarcasm_headlines,,
iggy azalea lands small movie role,1,sarcasm_headlines,,
"aleppo hit by worst strikes for months as putin, assad ignore u.s. plea",1,sarcasm_headlines,,
the importance of first responders,1,sarcasm_headlines,,
possible viking find could rewrite north american history,1,sarcasm_headlines,,
recovery nonprofits stem the tide while government ignores addiction crisis,1,sarcasm_headlines,,
black parkland students want peers to 'share the mic',1,sarcasm_headlines,,
kamikaze swimmers finally reach pearl harbor,0,sarcasm_headlines,,
the 5 things your kids will remember about you,1,sarcasm_headlines,,
serena williams has perfected her argument against the wage gap,1,sarcasm_headlines,,
bhp: 2017 the year of 'electric vehicle revolution',1,sarcasm_headlines,,
national park service studies historic lgbtq sites for possible recognition,1,sarcasm_headlines,,
perfect response to heckler somewhere in prop comedian's trunk,0,sarcasm_headlines,,
struggling lower-class still unsure how best to fuck selves with vote,0,sarcasm_headlines,,
11 tales of struggle and self-discovery,1,sarcasm_headlines,,
third whale this year dies at seaworld san antonio,1,sarcasm_headlines,,
obama is like that really great neighbor who's moving out,1,sarcasm_headlines,,
fishermen hook 2 massive great whites off carolinas,1,sarcasm_headlines,,
#youlookdisgusting blogger em ford responds to internet haters: 'perfection isn't real',1,sarcasm_headlines,,
dad and toddler 'compete' over mother's day responsibilities,1,sarcasm_headlines,,
"hugh laurie returns to the doctor game, except in chance he has none of the answers",1,sarcasm_headlines,,
'the interview' is having a very good weekend so far,1,sarcasm_headlines,,
here's a brilliant way to talk to kids about race and privilege,1,sarcasm_headlines,,
chuck grassley is keeping details of his iowa events secret to avoid protesters,1,sarcasm_headlines,,
creationism banned from uk schools,1,sarcasm_headlines,,
canadian-iranian professor hospitalized after months in iranian jail,1,sarcasm_headlines,,
"women in business: mollie spilman, chief revenue officer, criteo",1,sarcasm_headlines,,
"under trump, muslim book publishers are fighting against hate",1,sarcasm_headlines,,
trump releases letter from putin amid talk of nuclear arms race,1,sarcasm_headlines,,
area mom: 'i finally learned computers',0,sarcasm_headlines,,
get lost in these seven cities,1,sarcasm_headlines,,
harambe's grandmother euthanized at miami zoo,1,sarcasm_headlines,,
this parody is for every parent whose kid hated taking pics with santa,1,sarcasm_headlines,,
going beyond the usual arguments about gun safety,1,sarcasm_headlines,,
trump officially declares opioid crisis an emergency 2 months after saying he would,1,sarcasm_headlines,,
who are the yazidi?,1,sarcasm_headlines,,
'nuns on the bus' to drive through seven states to greet the pope,1,sarcasm_headlines,,
calls to lgbtq mental health hotlines rise after trump's anti-transgender action,1,sarcasm_headlines,,
mind-boggling optical illusion will make you think you can't see straight,1,sarcasm_headlines,,
"'new hampshire' episode 4: not just for old, white people",1,sarcasm_headlines,,
i'm so ready for more queer black girl celebrity couples,1,sarcasm_headlines,,
nobel prize winners demand better health care for victims of sexual violence in colombia,1,sarcasm_headlines,,
did climate change spawn all these hurricanes? here's why it's hard to say.,1,sarcasm_headlines,,
lindsey graham got 800 on his sats and won't stop talking about his bad grades,1,sarcasm_headlines,,
authors are rallying to preserve langston hughes' harlem home,1,sarcasm_headlines,,
mom finally drunk enough to put on bathing suit,0,sarcasm_headlines,,
an eye-opening look at school playgrounds around the world,1,sarcasm_headlines,,
man knows in reality marrying minnie mouse wouldn't be as perfect as he imagines,0,sarcasm_headlines,,
colorado's new revenge porn statute is good law and sound policy,1,sarcasm_headlines,,
ohio cop indicted on murder charge in traffic-stop shooting,1,sarcasm_headlines,,
jon stewart and 9/11 responders walk the halls of congress,1,sarcasm_headlines,,
americans say the white house is creating more problems than it solves,1,sarcasm_headlines,,
wal-mart greeter knows exactly how many blacks in store,0,sarcasm_headlines,,
lupita nyong'o talks 'the culture of hair' alongside gorgeous photo shoot for allure,1,sarcasm_headlines,,
'american crime' creator john ridley tackles sexual assault on campuses,1,sarcasm_headlines,,
february's hottest new releases,1,sarcasm_headlines,,
rev. run's 'spiritual' experience of speaking about the risk of diabetes,1,sarcasm_headlines,,
ben & jerry's new flavor 'empower mint' is more political and punny than ever,1,sarcasm_headlines,,
man knows exactly which asshole got him sick,0,sarcasm_headlines,,
j.k. rowling tweets hilarious response to confusing olympic sport,1,sarcasm_headlines,,
bruce dern shares hilarious memory of a girthy alfred hitchcock,1,sarcasm_headlines,,
author jeff lindsay says goodbye to serial killer dexter with final novel,1,sarcasm_headlines,,
"it's election season, but where are the lawn signs?",1,sarcasm_headlines,,
police chief busted for parking on sidewalk does the honorable thing,1,sarcasm_headlines,,
the united states and britain must claim part-ownership of yemeni strife,1,sarcasm_headlines,,
lack of progress on nato may turn georgia towards russia,1,sarcasm_headlines,,
toddler's walker gets a galactic makeover from all-star tattoo artist,1,sarcasm_headlines,,
"government official who makes perfectly valid, well-reasoned point against israel forced to resign",0,sarcasm_headlines,,
democrats shouldn't panic over one poll showing donald trump ahead,1,sarcasm_headlines,,
"twitter helped trump win, now it's starting to bury him",1,sarcasm_headlines,,
spirits in the night,1,sarcasm_headlines,,
what happens when parents read their daughters' tinder messages,1,sarcasm_headlines,,
11 comedians playing comedians on tv,1,sarcasm_headlines,,
"no, palm oil is not responsible for 40% of global deforestation",1,sarcasm_headlines,,
"uber ends forced arbitration in individual cases of sexual assault, harassment",1,sarcasm_headlines,,
the many benefits of lucid dreaming,1,sarcasm_headlines,,
more than a third of people shot by lapd in 2015 were mentally ill,1,sarcasm_headlines,,
about that woman vp candidate: klobuchar works better than warren,1,sarcasm_headlines,,
stephen hawking's disability wasn't something to 'overcome',1,sarcasm_headlines,,
this supreme court case could significantly weaken teachers unions,1,sarcasm_headlines,,
get chic this upcoming fall season,1,sarcasm_headlines,,
bernie sanders praises john mccain: he's 'a no bullsh*t guy',1,sarcasm_headlines,,
my battle with depression and anxiety,1,sarcasm_headlines,,
the most exciting way to retire -- and how to afford it,1,sarcasm_headlines,,
9 planet-happy trips to book on earth day,1,sarcasm_headlines,,
woman shuts down dude who demanded $5 back for coffee date,1,sarcasm_headlines,,
there can be dignity in the face of poverty,1,sarcasm_headlines,,
director alexia kosmider talks new documentary transjourney (audio),1,sarcasm_headlines,,
effective pr on a start-up budget,1,sarcasm_headlines,,
why it's hard to be a woman,1,sarcasm_headlines,,
"jay-z, kendrick lamar dominate the 2018 grammy nominations",1,sarcasm_headlines,,
"'wet hot american summer... the play?', garage theatre, long beach, ca",1,sarcasm_headlines,,
stress can cancel out the benefits of 'healthy' fat,1,sarcasm_headlines,,
fugitive movie heroine cuts own hair perfectly,0,sarcasm_headlines,,
want to challenge trump on immigration? try a strategy from the antebellum south,1,sarcasm_headlines,,
mother trying her best to project same amount of insecurities onto all her daughters,0,sarcasm_headlines,,
"alaska airlines employee calls tomi lahren 'tami,' twitter loves it",1,sarcasm_headlines,,
"ice cube is co-writing, starring in a genre-crossing 'oliver twist' musical",1,sarcasm_headlines,,
"conservatives celebrate john boehner's exit, but they're still mad at mitch mcconnell",1,sarcasm_headlines,,
will content marketing replace traditional sales?,1,sarcasm_headlines,,
perfectly good dead body cremated,0,sarcasm_headlines,,
huffpollster: 2016 could be the year of the third parties,1,sarcasm_headlines,,
ashley madison and the clergy,1,sarcasm_headlines,,
"americans rate jews highest, muslims lowest on 'feeling thermometer'",1,sarcasm_headlines,,
terry crews reveals the text he sent to agent after he was groped,1,sarcasm_headlines,,
our 10 favorite post-gay movies,1,sarcasm_headlines,,
residents describe terrifying escape from london apartment block fire,1,sarcasm_headlines,,
retired research chimps are really enjoying their new home,1,sarcasm_headlines,,
ganging up against gender violence!,1,sarcasm_headlines,,
latinos face digital divide in health care,1,sarcasm_headlines,,
dodgers co-owner magic johnson goes bonkers watching team romp to world series,1,sarcasm_headlines,,
'what happened' and moving on from the 2016 election,1,sarcasm_headlines,,
why i am green (and the republican candidates make me see red),1,sarcasm_headlines,,
pope francis condemns growing healthcare inequality in wealthy countries,1,sarcasm_headlines,,
reporter leads rescuers to truck driver trapped in 10 feet of water,1,sarcasm_headlines,,
gwyneth paltrow creeps up on james corden while he's mocking goop,1,sarcasm_headlines,,
'guardians of the galaxy' director masterfully trolls marvel executive impersonator,1,sarcasm_headlines,,
"historical archives: facial corsets for ladies, finally",0,sarcasm_headlines,,
6 netflix releases with black stars to watch this june,1,sarcasm_headlines,,
"hackers breached u.s. election agency after vote, according to security firm",1,sarcasm_headlines,,
this is what divorce at 41 is really like,1,sarcasm_headlines,,
report: algerian militant killed in u.s. strike targeting al qaeda operatives in libya,1,sarcasm_headlines,,
"'you did the best you could,' says iron man action figure voiced by despondent toys 'r' us ceo packing up office",0,sarcasm_headlines,,
watch weightlifter celebrate olympic bronze with an epic backflip,1,sarcasm_headlines,,
climbers abandon everest amid fresh avalanches,1,sarcasm_headlines,,
france's prime minister knows what's in a name,1,sarcasm_headlines,,
sweet video honors the amazing work of child life specialists,1,sarcasm_headlines,,
5 wedding planning realities all brides and grooms should know,1,sarcasm_headlines,,
what is love? this lesbian teen has it all figured out (video),1,sarcasm_headlines,,
"car crashes straight through restaurant window, injuring 4",1,sarcasm_headlines,,
united airlines skips senate deadline to explain passenger-dragging incident,1,sarcasm_headlines,,
republican platform falsely says planned parenthood sells baby parts,1,sarcasm_headlines,,
wednesday's morning email: trump shakes up top staff,1,sarcasm_headlines,,
"doctors are getting more engaged in the gun violence debate, but it's not rocket science",1,sarcasm_headlines,,
conservative pundit s.e. cupp hits trump white house right in the balls,1,sarcasm_headlines,,
"john kasich compares federal debt to a burning rome, says republicans share blame",1,sarcasm_headlines,,
lights go on part xx: grateful,1,sarcasm_headlines,,
palestinians suspicious of al-aqsa surveillance promoted by kerry,1,sarcasm_headlines,,
"rex, rob ryan finally get bunk beds they always wanted",0,sarcasm_headlines,,
merriam-webster has six simple words for those sexist 'doctor who' fans,1,sarcasm_headlines,,
"happy new year, president trump: the hunt for silver linings",1,sarcasm_headlines,,
dan savage takes on ann coulter over transgender bathroom rights,1,sarcasm_headlines,,
war: the cry of the republicans,1,sarcasm_headlines,,
hong kong protesters clash with police near government headquarters,1,sarcasm_headlines,,
marco rubio's rivals take aim at his history on immigration,1,sarcasm_headlines,,
trump's east european achilles heel,1,sarcasm_headlines,,
"school aide fed pet treats to 75 students, claimed they were cookies: report",1,sarcasm_headlines,,
'that's so raven' cast reunites on 'the view' and shares show secrets,1,sarcasm_headlines,,
ryan lochte is 32. we shouldn't treat him like a kid.,1,sarcasm_headlines,,
"lice invade espn makeup and hair studios, deadspin reports",1,sarcasm_headlines,,
an apology to my fellow black woman,1,sarcasm_headlines,,
worldwide executions surge to highest levels in 25 years: report,1,sarcasm_headlines,,
the clever gop plan to create even more gridlock,1,sarcasm_headlines,,
the gop's stockholm syndrome,1,sarcasm_headlines,,
cyber fraudsters reap billions through email wire-transfer scams,1,sarcasm_headlines,,
18 electric wedding kisses that will leave you weak in the knees,1,sarcasm_headlines,,
why terrible news really might keep you up at night,1,sarcasm_headlines,,
coalition of buzzed cousins issues annual greatest nation on earth rankings,0,sarcasm_headlines,,
on the road to the emmys with my entourage aka my kids,1,sarcasm_headlines,,
hong kong chooses new beijing-backed leader amid political tensions,1,sarcasm_headlines,,
"boy george opens up about happiness, being a u.s. politics junkie and more",1,sarcasm_headlines,,
why smartphone use helps develop 21st century skills in higher education,1,sarcasm_headlines,,
first look at the new queen elsa from 'once upon a time',1,sarcasm_headlines,,
two incredible beatboxers make corporate jargon sound way better than your boss does,1,sarcasm_headlines,,
january is the month for personal renewal,1,sarcasm_headlines,,
hundreds of hbcu students march to the polls to urge people to vote,1,sarcasm_headlines,,
women in politics matter -- even when they're not women's advocates,1,sarcasm_headlines,,
joan moran: 7 business skills that make your personal life successful,1,sarcasm_headlines,,
#dearbetsy campaign implores donald trump's education pick to protect campus rape rules,1,sarcasm_headlines,,
the remarkable legacy of fidel castro,1,sarcasm_headlines,,
hints of hope emerge in deadly american bat plague,1,sarcasm_headlines,,
this type of breast cancer is more deadly for black women,1,sarcasm_headlines,,
paris police arrest second couple over notre dame gas cylinders,1,sarcasm_headlines,,
john bel edwards' new ad attacking david vitter is not subtle,1,sarcasm_headlines,,
burglar hiding in pistorius' bathroom figures now probably his best chance to escape,0,sarcasm_headlines,,
jennifer aniston finally reveals hairstyle that repulsed brad pitt,0,sarcasm_headlines,,
reclaiming our faith in the era of trump,1,sarcasm_headlines,,
man's dream to get drunk in an a-frame finally realized,0,sarcasm_headlines,,
man charged in disappearance of north carolina toddler,1,sarcasm_headlines,,
watch pentagon video of the moment the 'mother of all bombs' exploded,1,sarcasm_headlines,,
european vacation -- in philadelphia!,1,sarcasm_headlines,,
medical professionals fact-check 'grey's anatomy' sex scenes,1,sarcasm_headlines,,
woody harrelson applies to open a marijuana dispensary,1,sarcasm_headlines,,
"chaplains, counselors, pastors rush to help in san bernardino",1,sarcasm_headlines,,
jonathan adler's stunning new hotel project has a powerful mission,1,sarcasm_headlines,,
the pakistani friends and the foes of the new york times,1,sarcasm_headlines,,
indian cops arrest alleged kingpin behind u.s. tax scam,1,sarcasm_headlines,,
what does 'black-on-black crime' have to do with ferguson?,1,sarcasm_headlines,,
donald trump formally announces indiana gov. mike pence as vp pick,1,sarcasm_headlines,,
sen. richard burr: the cloak and dagger senator,1,sarcasm_headlines,,
this gay couple shares the beautiful story of how their family formed,1,sarcasm_headlines,,
this is what it's like to get butt-dialed by lorne michaels,1,sarcasm_headlines,,
the world cup winners selfie is the best ever,1,sarcasm_headlines,,
to my grandmother after my father's death,1,sarcasm_headlines,,
ukraine begins to cut off transportation to crimea,1,sarcasm_headlines,,
protesters march in wisconsin after unarmed black man shot dead by police,1,sarcasm_headlines,,
the top 10 wedding toast faux pas,1,sarcasm_headlines,,
las vegas review-journal taps glenn cook to steer newsroom temporarily after rocky month,1,sarcasm_headlines,,
friday's morning email: what the senate health care bill could mean for you,1,sarcasm_headlines,,
trump attacks 'groveling' author of study showing no voter fraud,1,sarcasm_headlines,,
does being neurotic really make you more creative?,1,sarcasm_headlines,,
"boy, 2, makes basketball free throws from a balcony like a boss",1,sarcasm_headlines,,
the 10 most memorable onscreen weddings,1,sarcasm_headlines,,
ex-iranian president mahmoud ahmadinejad plans to run again,1,sarcasm_headlines,,
howdy texas! huffpost's 'listen to america' tour stops in odessa,1,sarcasm_headlines,,
report: putting head in hands and moaning quietly still best way to get through next several seconds,0,sarcasm_headlines,,
artist's stunning image honors the moment one woman defied a neo-nazi march,1,sarcasm_headlines,,
2020 new york presidential candidates: cuomo v. gillibrand,1,sarcasm_headlines,,
knee osteoarthritis treatment shows promise in early trial,1,sarcasm_headlines,,
"a hi-tech veggie burger so good, it'll convert meat eaters",1,sarcasm_headlines,,
a look inside the life of the woman behind marni,1,sarcasm_headlines,,
pursued drunk driver crafts brilliant 'don't stop' plan,0,sarcasm_headlines,,
5 weight loss habits that are making you gain weight,1,sarcasm_headlines,,
billy bob thornton reportedly taken to er following car accident,1,sarcasm_headlines,,
rubio supporters get in a scuffle with a 'rubiobot',1,sarcasm_headlines,,
the nra museum showcases guns from the same hollywood it says is 'glorifying' violence,1,sarcasm_headlines,,
nurses ignore hospital regulations to grant dying man his final wish,1,sarcasm_headlines,,
naacp president calls on donald trump to apologize to john lewis,1,sarcasm_headlines,,
blogger praises k-beauty while calling asians 'ching chongs' in 'funny clothes',1,sarcasm_headlines,,
scott walker-backed candidate defeated in wisconsin supreme court race,1,sarcasm_headlines,,
how to hack your new year's resolution for success,1,sarcasm_headlines,,
here are your 2017 emmy award winners,1,sarcasm_headlines,,
private vehicles beat ambulances in saving gunshot and stabbing victims,1,sarcasm_headlines,,
cbs news chief on bob schieffer's return: 'how could you sit out a year like this?',1,sarcasm_headlines,,
here's what the oscar nominations should look like,1,sarcasm_headlines,,
suppression of the transgender vote,1,sarcasm_headlines,,
6 essentials for a trash-free lunch,1,sarcasm_headlines,,
man beginning to worry that best meals already behind him,0,sarcasm_headlines,,
huffpost hill - secret service agents really glad dark sunglasses hide bloodshot eyes,1,sarcasm_headlines,,
teachers and politicians mount final push to keep betsy devos away from public schools,1,sarcasm_headlines,,
4 reasons hallmark movies saved my holiday spirit,1,sarcasm_headlines,,
"despite madaya aid, u.n. still fails to end country's sieges",1,sarcasm_headlines,,
"even as 2018 looms, most in congress nearly always vote with trump",1,sarcasm_headlines,,
"9,000 animals rescued from 'worst torture operation' in the u.s.",1,sarcasm_headlines,,
george lucas loves art so much he's opening a $1 billion museum,1,sarcasm_headlines,,
cousin of nba star dwyane wade killed in chicago shooting,1,sarcasm_headlines,,
sarah palin defends curt schilling: 'espn continues to screw up',1,sarcasm_headlines,,
here's even more evidence trump is lying about massive voter fraud,1,sarcasm_headlines,,
out-bad chronicles: fantasy from hell,1,sarcasm_headlines,,
claire danes is expecting baby number two with hugh dancy,1,sarcasm_headlines,,
bear family pool party is the cutest backyard invasion ever,1,sarcasm_headlines,,
krugman: the right fears democracy,1,sarcasm_headlines,,
bp's clean water act fines will be smaller than gulf states thought,1,sarcasm_headlines,,
14-hour labor not exactly cakewalk for baby sticking halfway out mother's vagina either,0,sarcasm_headlines,,
"taraji, kerry and mary j. redefine squad goals in new apple commercial",1,sarcasm_headlines,,
sweet briar college and the homogenization of u.s. higher education,1,sarcasm_headlines,,
read 'death of a king: the real story of dr. martin luther king jr.'s final year' by tavis smiley,1,sarcasm_headlines,,
best off-the-radar foreign retirement spots,1,sarcasm_headlines,,
red stripe buys jamaican team a new bobsled after coach quits,1,sarcasm_headlines,,
big mac creator jim delligatti dies at 98,1,sarcasm_headlines,,
kate mckinnon's creepy kellyanne conway goes fatal attraction on 'snl',1,sarcasm_headlines,,
election day: gov. hopeful vitter trails in deep-red louisiana,1,sarcasm_headlines,,
head of trump 'election integrity' probe pens wildly misleading op-ed about voter fraud,1,sarcasm_headlines,,
let's raise a glass to pink for gleefully slamming the troll who hacked her instagram,1,sarcasm_headlines,,
"uber pulls a u-turn, decides tipping is ok after all",1,sarcasm_headlines,,
el chapo pleads not guilty to drug charges,1,sarcasm_headlines,,
doctors in puerto rico face mounting medical crisis in maria's wake,1,sarcasm_headlines,,
state department has spent none of the $120 million allocated to fight russian interference,1,sarcasm_headlines,,
dakota access pipeline standoff lapses into violence,1,sarcasm_headlines,,
meet the man who helps hollywood stay sober,1,sarcasm_headlines,,
trump can't simply delete an islamophobic campaign,1,sarcasm_headlines,,
man accused of shooting and burning 2 people after refusing to pay cab fare,1,sarcasm_headlines,,
keegan-michael key on what everyone gets wrong about detroit,1,sarcasm_headlines,,
"what's wrong with this picture? for u.s. fight against isis, everything",1,sarcasm_headlines,,
tracee ellis ross looks like an angel in this playfully sheer gown,1,sarcasm_headlines,,
words of wisdom gained from watching the comey hearing,1,sarcasm_headlines,,
how to botch a wedding toast in 5 words,1,sarcasm_headlines,,
an american talks turkey about the 'intolerant' chicken,1,sarcasm_headlines,,
4 business mistakes i'll never make again,1,sarcasm_headlines,,
cristiano ronaldo reportedly scores another baby-on-the-way after twins' birth,1,sarcasm_headlines,,
darrelle revis to be charged in fight that leaves two men unconscious,1,sarcasm_headlines,,
the power of expectation,1,sarcasm_headlines,,
"melting permafrost endangers greenland and releases harmful, disease-causing bacteria",1,sarcasm_headlines,,
court tosses scott walker's food stamp drug testing lawsuit,1,sarcasm_headlines,,
college newspaper staff know exactly how they would respond if editorial freedom challenged,0,sarcasm_headlines,,
why scott walker's views on evolution are totally relevant,1,sarcasm_headlines,,
how tax cuts led to west virginia's massive teacher strike,1,sarcasm_headlines,,
report: suddenly remembering to sit up straight once a month best way to keep back healthy into old age,0,sarcasm_headlines,,
melissa joan hart explains it all about being a '90s queen,1,sarcasm_headlines,,
black mother speaks out: african-american boys 'won't ever really be safe',1,sarcasm_headlines,,
ten great latino books published in 2015,1,sarcasm_headlines,,
"'the world cannot wait — and neither will we,' 61 mayors pledge",1,sarcasm_headlines,,
turkey's state of emergency decrees are horrible for democracy,1,sarcasm_headlines,,
proof that human alex jones is most certainly not part reptile,1,sarcasm_headlines,,
how to choose a worthwhile organization,1,sarcasm_headlines,,
jared leto may play the joker in 'suicide squad',1,sarcasm_headlines,,
7 books every middle-aged person should read this summer,1,sarcasm_headlines,,
new york times seeks court order to remove tuesdays with morrie from bestseller list,0,sarcasm_headlines,,
the peterson farm bros' beef with chipotle (part 4): the definition of ethical behaivor,1,sarcasm_headlines,,
union plows ahead after major scotus setback,1,sarcasm_headlines,,
"climate change: 2014 hottest yet, oceans threatened, solar trees, and more!",1,sarcasm_headlines,,
"woman hid heroin, oxy under fake butt, cops say",1,sarcasm_headlines,,
trevor noah gets a big 'ken boner',1,sarcasm_headlines,,
keep the change: the beads that bought manhattan,1,sarcasm_headlines,,
the truth about 'the interview',1,sarcasm_headlines,,
"thanks to kickstarter, thousands of endangered penguins will get new homes",1,sarcasm_headlines,,
michael b. jordan responds to trolls saying a black man can't play johnny storm,1,sarcasm_headlines,,
"steve ballmer made a new twitter account, and used it to make a surprising announcement",1,sarcasm_headlines,,
report: country that might shut down because president wants big wall somehow considered best in the world,0,sarcasm_headlines,,
attention politicians: god created and welcomes us in all of our diversity,1,sarcasm_headlines,,
father's day tribute to a family man,1,sarcasm_headlines,,
astronomers say wednesday night will be best chance for americans to view 'novλ',0,sarcasm_headlines,,
georgia to provide planned parenthood with free std test kits again,1,sarcasm_headlines,,
thandie newton recalls disgusting encounter with repulsive male director,1,sarcasm_headlines,,
masked robber foiled after unfriending victim on facebook,1,sarcasm_headlines,,
former patriots and chiefs tackle ryan o'callaghan comes out as gay,1,sarcasm_headlines,,
mccain silences critics with perfectly executed cartwheel,0,sarcasm_headlines,,
the intervention of richard spencer and the alt-right,1,sarcasm_headlines,,
blue aclu ribbons are the stars' best accessories at 2017 oscars,1,sarcasm_headlines,,
"trump is #1 in the polls, and so was the 'macarena'",1,sarcasm_headlines,,
here's another huge reason to eat a plant-based diet,1,sarcasm_headlines,,
traveling tips for families with special diet,1,sarcasm_headlines,,
"lawrence taylor's wife, lynette taylor, arrested for alleged attack on the nfl legend",1,sarcasm_headlines,,
vietnamese singer wins international transgender beauty pageant,1,sarcasm_headlines,,
kitten valiantly attempts high five,1,sarcasm_headlines,,
tic-tac-toe grandmaster devises brilliant new gambit,0,sarcasm_headlines,,
mcdonald's musical ad targets hispanics with princess of bachata,1,sarcasm_headlines,,
ben carson bizarrely attacks cnn host in hostile interview,1,sarcasm_headlines,,
what's your book shelfie style?,1,sarcasm_headlines,,
jeff ross asked selena gomez for advice on roasting justin bieber,1,sarcasm_headlines,,
create an environment for your ultimate success,1,sarcasm_headlines,,
barbershop pole finally runs out,0,sarcasm_headlines,,
alia shawkat is feeling herself,1,sarcasm_headlines,,
how early-life stress could increase risk of anxiety and depression later in life,1,sarcasm_headlines,,
cruz control: an elitist at liberty university,1,sarcasm_headlines,,
kesha's best revenge with 'praying' and 'woman' is her healing,1,sarcasm_headlines,,
"this girl dressed up as michelle obama for school, and michelle loved it",1,sarcasm_headlines,,
toward a fairer admissions process,1,sarcasm_headlines,,
iran only has half the amount of enriched uranium allowed under nuclear deal,1,sarcasm_headlines,,
"prince harry, meghan markle's first official post-engagement event will be nod to diana",1,sarcasm_headlines,,
area man determined to make the best of situation comedy,0,sarcasm_headlines,,
"stop calling young adults ""college kids""",1,sarcasm_headlines,,
report: some russian soldiers quit army over ukraine war,1,sarcasm_headlines,,
both parties seem to be having a change of heart about federal power,1,sarcasm_headlines,,
why this lawyer quit his job to open a national mustard museum,1,sarcasm_headlines,,
stressed out at work? here's how to find your center with just 3 minutes of breathing,1,sarcasm_headlines,,
the celebrity that left tom hanks and rita wilson speechless,1,sarcasm_headlines,,
restaurant reacts perfectly to diners who were rude to employee with autism,1,sarcasm_headlines,,
why some vaccines require more than one dose,1,sarcasm_headlines,,
turkish president: no muslim family should engage in birth control,1,sarcasm_headlines,,
area man finally in enough pain to go to doctor,0,sarcasm_headlines,,
these are the most generous cities in america,1,sarcasm_headlines,,
obama to create 17 new jobs by resigning and finally opening that restaurant,0,sarcasm_headlines,,
latinos and the 2014 elections: five reasons to vote in november,1,sarcasm_headlines,,
trump administration paves way for states to force medicaid recipients to work,1,sarcasm_headlines,,
what i realized when i let my mom take over my online dating profile,1,sarcasm_headlines,,
ellie goulding and james corden perform 'love me like you do' remix,1,sarcasm_headlines,,
watch: the pains of being pure at heart unveil new songs,1,sarcasm_headlines,,
apple's safari browser is crashing for some users: report,1,sarcasm_headlines,,
"roe made abortions legal, but it doesn't keep women and providers safe",1,sarcasm_headlines,,
"sylvester stallone shells out $400,000 for a statue of himself",1,sarcasm_headlines,,
one more (feminist) wonder about 'wonder woman': it passes the abuse litmus test,1,sarcasm_headlines,,
cop grudgingly admits suspect is the best goddamn pedophile he's seen in 30 years on the force,0,sarcasm_headlines,,
video relaunches investigation into death of man held by chicago police,1,sarcasm_headlines,,
jimmy carter mediating dispute between martin luther king jr.'s heirs,1,sarcasm_headlines,,
the olympic hangover is real,1,sarcasm_headlines,,
lights go on: part xxxxii -- the power of her name,1,sarcasm_headlines,,
this unreleased britney spears song is all kinds of sultry,1,sarcasm_headlines,,
not even he can mess this up,1,sarcasm_headlines,,
creepy photos of abandoned insane asylums will keep you up at night,1,sarcasm_headlines,,
jim carrey taunts 'psycho' mike pence with biting new portrait,1,sarcasm_headlines,,
i wish i could borrow someone else's heart while mine heals,1,sarcasm_headlines,,
you'll never believe what these wedding dresses are made of,1,sarcasm_headlines,,
interview: director david dobkin on the judge,1,sarcasm_headlines,,
angry voters not soothed by clinton's policy prescriptions,1,sarcasm_headlines,,
totally not drunk new mexico governor chastises cops for breaking up her hotel party,1,sarcasm_headlines,,
'walking dead' actor daniel newman comes out on youtube,1,sarcasm_headlines,,
teen weed users may face high risk for dependence,1,sarcasm_headlines,,
mexico mayor killed less than a day after taking office,1,sarcasm_headlines,,
virginia schools close after uproar over arabic calligraphy lesson,1,sarcasm_headlines,,
the importance of staring out the window,1,sarcasm_headlines,,
game of thrones: tyrion will soon betray daenerys,1,sarcasm_headlines,,
bernie sanders has a very lonely but very committed following on wall street,1,sarcasm_headlines,,
former cia officials give turkish coup plotters advice on cnn,1,sarcasm_headlines,,
heroic officer rescues skunk on same street where he once saved ducklings,1,sarcasm_headlines,,
north korea's internet is back up after mass cyber attack,1,sarcasm_headlines,,
"the actual rohingya death toll is 22 times higher than official estimate, survey shows",1,sarcasm_headlines,,
nationwide tax day marches demand donald trump release his tax returns,1,sarcasm_headlines,,
patton oswalt uses icky sauna analogy to describe donald trump,1,sarcasm_headlines,,
'black panther' star michael b. jordan wants his killmonger's hairstyle to become a trend,1,sarcasm_headlines,,
trump's obsession with chinese currency manipulation is sooo 2014,1,sarcasm_headlines,,
report kenan thompson is leaving 'snl' deemed 'inaccurate',1,sarcasm_headlines,,
obama visits arlington national cemetery to honor veterans,1,sarcasm_headlines,,
everything you need to know before watching the 'stranger things' season 2 premiere,1,sarcasm_headlines,,
cnn's charlottesville coverage shows its deep bench of pro-trump pundits,1,sarcasm_headlines,,
bill gates finally getting into radiohead's kid a,0,sarcasm_headlines,,
this is what we call extreme biking,1,sarcasm_headlines,,
orlando survivor angel colon takes first steps by himself since tragedy,1,sarcasm_headlines,,
daily news threatens union drivers,1,sarcasm_headlines,,
sylville smith's father blames himself for being 'wrong role model',1,sarcasm_headlines,,
jeb bush insists he's a washington outsider,1,sarcasm_headlines,,
boehner backs lifting crude oil export ban,1,sarcasm_headlines,,
silence your thoughts with this simple technique,1,sarcasm_headlines,,
"huffpost hill - can hillary clinton give out 600 snow shovels, meet with a bunch of rich lesbians and have it all?",1,sarcasm_headlines,,
bernie sanders predicts he'll pull off 'one of the great political upsets' in history,1,sarcasm_headlines,,
parents finally tell 2-year-old about 9/11,0,sarcasm_headlines,,
where in the world is the best place to be in may?,1,sarcasm_headlines,,
yahoo's meeting programmatic demand from advertisers at the newfront (video),1,sarcasm_headlines,,
this one thing can enhance your office productivity,1,sarcasm_headlines,,
woman amazed she found perfect partner just when she was getting desperate enough to accept anything,0,sarcasm_headlines,,
google will team up with ford to build self-driving cars: report,1,sarcasm_headlines,,
"you think these foods are healthy, but they are not",1,sarcasm_headlines,,
the black friday and cyber monday travel deals to book asap,1,sarcasm_headlines,,
"fun fall recipes, from joy bauer (video)",1,sarcasm_headlines,,
ferocious rat refuses to let hungry snake steal rat pup,1,sarcasm_headlines,,
scientists announce today best time to look directly at sun,0,sarcasm_headlines,,
patty jenkins is already thinking about a 'wonder woman' sequel,1,sarcasm_headlines,,
marc andreessen's 'colonialism' gaffe? a symptom of silicon valley bias,1,sarcasm_headlines,,
it's time to stop chasing the impossible ideal,1,sarcasm_headlines,,
fashion-forward pigeon sports bread necklace in bold style choice,1,sarcasm_headlines,,
"actually, donald trump told republicans all along how little he respects democracy",1,sarcasm_headlines,,
former mormon missionary center leader accused of sexual assault,1,sarcasm_headlines,,
kfc ads get even weirder with norm macdonald as 'real' col. sanders,1,sarcasm_headlines,,
"black cat runs onto hockey rink, likely dooming san jose sharks",1,sarcasm_headlines,,
here's exactly why a vote for trump is vote against lgbtq rights,1,sarcasm_headlines,,
'glee' finale flashes forward to show dreams come true,1,sarcasm_headlines,,
congrats! you've been auto-enrolled -- now what?,1,sarcasm_headlines,,
6 things you need to know now about obamacare's cadillac tax,1,sarcasm_headlines,,
movie works out exactly as audience hoped,0,sarcasm_headlines,,
this one simple thing makes for a long-lasting marriage,1,sarcasm_headlines,,
the public service loan forgiveness program is what's best about america,1,sarcasm_headlines,,
"women in business q&a: paula kavolius, founder and president, house of possibilities",1,sarcasm_headlines,,
5 ways nail salon workers are winning: victory in new york state legislature,1,sarcasm_headlines,,
"hulu's 'the handmaid's tale' adds joseph fiennes, will be b-a-n-a-n-a-s",1,sarcasm_headlines,,
new numbers reveal huge disparities in opioid prescribing,1,sarcasm_headlines,,
life would be infinitely easier if these things were more flexible,1,sarcasm_headlines,,
nevada secretary of state says she has evidence of voter fraud in presidential election,1,sarcasm_headlines,,
xavier dolan is on the run in exclusive clip from thriller 'tom at the farm',1,sarcasm_headlines,,
huffpost hill - florida republicans giddily dust off 'sore loserman' posters,1,sarcasm_headlines,,
a third of americans say they know someone affected by harvey,1,sarcasm_headlines,,
"let's not just take it down, let's take it deeper",1,sarcasm_headlines,,
"medicine has a sexism problem, and it's making sick women sicker",1,sarcasm_headlines,,
why do americans pursue happiness?,1,sarcasm_headlines,,
demi lovato says she was 'very conflicted' with her abusive father's death,1,sarcasm_headlines,,
the dubai film festival diaries: a classy end to a life-changing event,1,sarcasm_headlines,,
the g-20 declaration makes a major mention of the world's top infectious killer,1,sarcasm_headlines,,
donald trump is taking credit for a meaningless stock market record,1,sarcasm_headlines,,
6 things you need to know about drowsy driving,1,sarcasm_headlines,,
this is what 2015 will look like according to 'back to the future',1,sarcasm_headlines,,
cubs fans caught in time loop now that 'next year' is in the past,1,sarcasm_headlines,,
why dying in america is harder than it has to be,1,sarcasm_headlines,,
"emails show richard spencer bounced a $10,565 check for florida event",1,sarcasm_headlines,,
"the dea is rushing to criminalize another herb, and congress is silent",1,sarcasm_headlines,,
catholic parish divided over priest's decision to ban married gay couple from receiving communion,1,sarcasm_headlines,,
7 ways i've changed for the better in the 7 years since turning 50,1,sarcasm_headlines,,
why everyone should be making beer floats this summer,1,sarcasm_headlines,,
how secretary tillerson can right the state department,1,sarcasm_headlines,,
here are the months college students are more likely to experiment with new drugs,1,sarcasm_headlines,,
4 ways to survive your darkest days,1,sarcasm_headlines,,
here's what happens when kids age out of foster care,1,sarcasm_headlines,,
"spain just made history -- twice. here's what went down, hour by hour",1,sarcasm_headlines,,
"hillary clinton to release 2015 tax returns within days, criticizes donald trump",1,sarcasm_headlines,,
man silently eating personal pan pizza alone in corner of airport unaware this will be best part of 7-day vacation,0,sarcasm_headlines,,
these new 'ahs: freak show' teasers are legitimately terrifying,1,sarcasm_headlines,,
videos of chicago police shooting of cedrick chatman released,1,sarcasm_headlines,,
watch: snow drifts were no match for this determined freight train,1,sarcasm_headlines,,
joy reid mocks america's invisible man in the middle east: 'where's jared?',1,sarcasm_headlines,,
why a local news station's decision to live-stream a potential suicide is dangerous,1,sarcasm_headlines,,
hurricane ophelia sheds light on another climate change concern,1,sarcasm_headlines,,
draftkings and fanduel skip out on congressional hearing into daily fantasy sports,1,sarcasm_headlines,,
why i decided not to do a phd,1,sarcasm_headlines,,
review: new apple tv is bursting with potential,1,sarcasm_headlines,,
how one gym is helping people get in touch with their feelings,1,sarcasm_headlines,,
"john bolton, top contender for secretary of state, calls for regime change in iran",1,sarcasm_headlines,,
a transgender student who was reportedly banned from her school receives good news,1,sarcasm_headlines,,
joan rivers defends israel with an analogy all her own,1,sarcasm_headlines,,
new evidence reveals christ lounged in tomb for extra hour before finally rising from grave,0,sarcasm_headlines,,
"florida man killed after standing up for gay friends, witnesses say",1,sarcasm_headlines,,
florida shooter's former friend says she reported him to school 'multiple' times,1,sarcasm_headlines,,
why sharing your dreams is so important,1,sarcasm_headlines,,
"wall street doesn't believe elon musk can produce 500,000 cars by 2018",1,sarcasm_headlines,,
"vegas, baby! (well, minus our babies)",1,sarcasm_headlines,,
'phantom thread' wins academy award for best film you liked but probably wouldn't see again,0,sarcasm_headlines,,
congress gets another reminder from scientists that climate change isn't coming -- it's already here,1,sarcasm_headlines,,
app allows users to help save migrants crossing mediterranean,1,sarcasm_headlines,,
margarita murillo: another victim of neoliberalism in honduras?,1,sarcasm_headlines,,
the best 'lazy games' for exhausted parents to play with their kids,1,sarcasm_headlines,,
now this is how you rock white-on-white,1,sarcasm_headlines,,
trump touts 'middle class' tax relief but only detail he offers helps the rich,1,sarcasm_headlines,,
reply all email creates havoc for case western students' inboxes,1,sarcasm_headlines,,
the one moment you need to see from last night's 'peter pan live!',1,sarcasm_headlines,,
4 identity protection habits every college student should have,1,sarcasm_headlines,,
why you should hire for zest,1,sarcasm_headlines,,
"gop senator gets honest: 'trust me, we will not allow the supreme court to flip'",1,sarcasm_headlines,,
10 winning recipes for the big game,1,sarcasm_headlines,,
failure is an essential element of success,1,sarcasm_headlines,,
"mad men: ""the forecast"" is mixed",1,sarcasm_headlines,,
the one thing you never want to hear tim gunn say about your outfit,1,sarcasm_headlines,,
this little girl's hilarious message to santa is peak sibling rivalry,1,sarcasm_headlines,,
in detroit some things change; too much stays the same,1,sarcasm_headlines,,
café au detroit: wi-fi with style,1,sarcasm_headlines,,
three simple steps to not take a bad day home,1,sarcasm_headlines,,
7 awesome pot pie recipes you need to make now,1,sarcasm_headlines,,
woman's greatest dream to one day dance in studio audience of 'the ellen degeneres show',0,sarcasm_headlines,,
why is it so darn hard for women to lose that baby weight?,1,sarcasm_headlines,,
missouri bill redefines hot lobbyist-on-lawmaker action as a 'gift',1,sarcasm_headlines,,
ted cruz didn't disclose goldman sachs loan during senate campaign,1,sarcasm_headlines,,
betsy devos is right: professors are a threat to the trumpist movement,1,sarcasm_headlines,,
you will never love anything as much as dc's panda loves snow,1,sarcasm_headlines,,
man travels to historic art locations just to paint the patterns on his shirts,1,sarcasm_headlines,,
george and amal clooney pass out headphones on flight to block twins' crying,1,sarcasm_headlines,,
saudi courts should exhibit independence by protecting speech,1,sarcasm_headlines,,
the political theology of trumpian evangelicalism,1,sarcasm_headlines,,
5 keys to product differentiation for fun and profit,1,sarcasm_headlines,,
"parents abandoned 2-year-old son to play 'pokemon go,' police say",1,sarcasm_headlines,,
toddler scientists finally determine number of peas that fit into ear canal,0,sarcasm_headlines,,
lebron james hits back at laura ingraham over 'shut up and dribble' comment,1,sarcasm_headlines,,
meteorologist has hilarious comeback to daughter who questioned his weather prediction,1,sarcasm_headlines,,
ellen isn't interested in having donald trump on her show,1,sarcasm_headlines,,
gabby giffords endorses hillary clinton for president,1,sarcasm_headlines,,
george zimmerman auctioning off gun used to kill trayvon martin,1,sarcasm_headlines,,
why model carmen carrera doesn't always want to be considered trans,1,sarcasm_headlines,,
donald trump expects the media to do what he wants -- because it often does,1,sarcasm_headlines,,
why women should stop calling themselves old,1,sarcasm_headlines,,
'perfect' birthday card discovered in local mall,0,sarcasm_headlines,,
"monday matters: a walk home to remember, an unbreakable friendship and adorable bulldogs",1,sarcasm_headlines,,
tonight: house faces his greatest challenge yet,0,sarcasm_headlines,,
to wax or not to wax?,1,sarcasm_headlines,,
ernest belamide's gps guide on managing stress,1,sarcasm_headlines,,
julia louis-dreyfus reveals breast cancer diagnosis,1,sarcasm_headlines,,
barack obama records robocall for doug jones in alabama senate race,1,sarcasm_headlines,,
top democrat pushes back on expanding obama's trade powers,1,sarcasm_headlines,,
a taste of proper fun: bermuda,1,sarcasm_headlines,,
poll: religion is the answer to today's problems,1,sarcasm_headlines,,
halle berry: my undying wish is to play angela davis in a biopic,1,sarcasm_headlines,,
"disney, pixar to release a short about a li'l dumpling, and it sounds darling",1,sarcasm_headlines,,
obama to meet with families of san bernardino shooting victims,1,sarcasm_headlines,,
strangers to send 'nice bucket' gift to ice challenge prank victim in moving show of solidarity,1,sarcasm_headlines,,
sean spicer says donald trump is a 'champion' of first amendment,1,sarcasm_headlines,,
poll finds americans' greatest fear is waitress forgetting about them,0,sarcasm_headlines,,
polar bear cub sleeps and dreams with cuddly toy in adorable clip,1,sarcasm_headlines,,
jonathan rhys meyers apologizes after troubling photos emerge,1,sarcasm_headlines,,
'she loves me' to be the first live streamed broadway show,1,sarcasm_headlines,,
"for a first-time marathoner, there's strength in numbers",1,sarcasm_headlines,,
'p is for p*ssy' is the alphabet book of your wet dreams,1,sarcasm_headlines,,
"let's not forget that men have impeccable winter style, too",1,sarcasm_headlines,,
catholic couple embraces 'who am i to judge',1,sarcasm_headlines,,
trial for charleston church shooter dylann roof delayed until january,1,sarcasm_headlines,,
"climate scientists are like 'doomsday street preachers,' fox guest says",1,sarcasm_headlines,,
gop 'self-deportation' fantasy is alive and well,1,sarcasm_headlines,,
watch a young jennifer lawrence in a high school shakespeare play,1,sarcasm_headlines,,
donald trump jr.'s thanksgiving conversation starter tips spectacularly backfire,1,sarcasm_headlines,,
sick parent offers man perfect excuse to move back home and give up dreams,0,sarcasm_headlines,,
invest in human capital,1,sarcasm_headlines,,
trump brings back 'pocahontas' slur of elizabeth warren at event for native american veterans,1,sarcasm_headlines,,
finding the right college is hard. this new database helps students choose wisely.,1,sarcasm_headlines,,
kim kardashian tackled by hollywood prankster at paris fashion week,1,sarcasm_headlines,,
hillary clinton gets a clean bill of health from her doctor,1,sarcasm_headlines,,
mitt romney tweets he's not donald trump's secretary of state pick,1,sarcasm_headlines,,
chuck schumer admits democrats need to do more to show americans what they stand for,1,sarcasm_headlines,,
"in the weeks before trump takes office, obama's mad dash to save public lands",1,sarcasm_headlines,,
"los angeles train hits car on tracks and derails, 21 hurt",1,sarcasm_headlines,,
so that's why marijuana gives you the munchies,1,sarcasm_headlines,,
"a crow didn't touch me, i got my period",1,sarcasm_headlines,,
new ferguson judge is finally doing something about abusive court,1,sarcasm_headlines,,
trump's new travel ban could hinder research on hiv and mental health,1,sarcasm_headlines,,
'saving private ryan' actor tom sizemore arrested for domestic violence,1,sarcasm_headlines,,
this bracelet lets a dad feel what it's like to be pregnant ... in his wrist,1,sarcasm_headlines,,
obama to name former procter & gamble executive as va secretary,1,sarcasm_headlines,,
somali pirates free 26 asian sailors after 4 years in captivity,1,sarcasm_headlines,,
the final solution: a thanksgiving message (or ain't too proud to hate),1,sarcasm_headlines,,
my picks for gospel winners at the grammys,1,sarcasm_headlines,,
why we should tip service workers generously,1,sarcasm_headlines,,
obamacare vs. trumpcare: a public health dilemma,1,sarcasm_headlines,,
5 lessons from chibok,1,sarcasm_headlines,,
eric trump says those who oppose his dad are 'not even people',1,sarcasm_headlines,,
nas talks 'ghostbusters'-inspired lines and sartorial heroes,1,sarcasm_headlines,,
withholding child abuse emails further damages tarnished telegraph,1,sarcasm_headlines,,
"hmm, there may be a link between vaccines and political pandering",1,sarcasm_headlines,,
hurry! early black friday deals have already started on amazon,1,sarcasm_headlines,,
madonna compares donald trump 'nightmare' to being dumped by an ex-lover,1,sarcasm_headlines,,
bernie sanders to propose new rule requiring fair prices for taxpayer-funded drugs,1,sarcasm_headlines,,
michigan's congressional hopefuls worry about the next flint,1,sarcasm_headlines,,
dot declares pothole too perfect to fill,0,sarcasm_headlines,,
"weird kid opts to sit perfectly still, let universe decide his fate after teacher instructs class to pair up",0,sarcasm_headlines,,
"teach, stream, be acquired: why online education investors are hot for teacher",1,sarcasm_headlines,,
hope solo shows off zika defense armor for rio olympics,1,sarcasm_headlines,,
this is why so many boomers are delaying retirement,1,sarcasm_headlines,,
this democratic congressman is adopting obama's overtime rules,1,sarcasm_headlines,,
spotify and bumble will finally let you judge potential dates based on their music taste,1,sarcasm_headlines,,
"restaurant teaches former inmates to cook, helps them get back on their feet",1,sarcasm_headlines,,
an mtv 'cribs'-style tour of pluto,1,sarcasm_headlines,,
top official resigns from trump epa with scathing letter,1,sarcasm_headlines,,
"univision anchor booed at commencement after speaking spanish, mentioning trump",1,sarcasm_headlines,,
eu awards sakharov prize to yazidi women who escaped isis,1,sarcasm_headlines,,
sony hack reveals maureen dowd showed sony exec's husband column before publication,1,sarcasm_headlines,,
latina business owner faces death threats for appearing onstage at donald trump rally,1,sarcasm_headlines,,
nation's prospective college applicants go straight to princeton review's 'best college radio station' rankings,0,sarcasm_headlines,,
"oh, no!!! watch mr. bill, gumby and pokey get buried in blizzard time lapse",1,sarcasm_headlines,,
is turkey drifting between isis & putin?,1,sarcasm_headlines,,
"in many states, a long-awaited raise for low-paid workers",1,sarcasm_headlines,,
baldwin's trump boasts on 'snl' he's running country like a waffle house,1,sarcasm_headlines,,
arizona republicans want to prosecute protesters the same way they do terrorists,1,sarcasm_headlines,,
where's the ref? fifa -- a sports body playing without rules,1,sarcasm_headlines,,
'snl' stars have the perfect comeback to trump's angry tweets,1,sarcasm_headlines,,
"kimmel, atop scorched earth, takes aim at trump over health care bill",1,sarcasm_headlines,,
what we know so far about the new white house org chart,1,sarcasm_headlines,,
sanders says clinton's platform could determine how much he would campaign for her,1,sarcasm_headlines,,
joe biden has strong words for betsy devos after her title ix announcement,1,sarcasm_headlines,,
"in this cleveland family, anti-trump doesn't always mean pro-clinton",1,sarcasm_headlines,,
'girls' producer: people are 'afraid' of lena dunham 'telling the truth',1,sarcasm_headlines,,
world could face months of chinese market aftershocks,1,sarcasm_headlines,,
"woman hires hitman because her grandkids got lice, police say",1,sarcasm_headlines,,
financial burden of cancer can harm quality of life,1,sarcasm_headlines,,
kasich all but declares 2016 presidential run,1,sarcasm_headlines,,
"listen up, girlfriends: we need each other",1,sarcasm_headlines,,
ios 9.3 link glitch is ruining some iphones,1,sarcasm_headlines,,
leah remini claims she was pressured to bring kevin james into scientology,1,sarcasm_headlines,,
huffpollster: indiana's gop primary will be a battle between demographics and economics,1,sarcasm_headlines,,
a way to win: election talk with celinda lake,1,sarcasm_headlines,,
trump is delivering the politicized judiciary republicans dreamed about,1,sarcasm_headlines,,
hydraulic press crushes every ounce of cheer out of the holidays,1,sarcasm_headlines,,
read live updates from the confirmation hearings of several trump cabinet picks,1,sarcasm_headlines,,
sacha baron cohen rolls up to 'grimsby' premiere in his underwear,1,sarcasm_headlines,,
'got' season finale hints at appearance of that one big character,1,sarcasm_headlines,,
'how to get away with murder's' heroine gets more complex,1,sarcasm_headlines,,
rachel leyco bridges the diversity gap in her latest short film,1,sarcasm_headlines,,
watch: gop hopefuls can't answer 'just one question': would you have invaded iraq?,1,sarcasm_headlines,,
kim kardashian calls out congress for failing to close the 'terror gap',1,sarcasm_headlines,,
a view to a kill: leopard leaps from tree to attack impala,1,sarcasm_headlines,,
the so-called 'uptick in hate' is fundamentally american,1,sarcasm_headlines,,
presidential hopefuls ham it up at iowa state fair,1,sarcasm_headlines,,
this stepmom and biomom's relationship is parenting #goals,1,sarcasm_headlines,,
last-minute advice for parents paying for college - part i,1,sarcasm_headlines,,
area man finally finds bodymate,0,sarcasm_headlines,,
"donald trump misspeaks, calls u.s. a company instead of a country",1,sarcasm_headlines,,
trump eyes fracking mogul harold hamm as energy secretary: report,1,sarcasm_headlines,,
"now that we've seen 'gone girl,' does it live up to expectations?",1,sarcasm_headlines,,
"israel tells african migrants, asylum-seekers to leave or go to jail",1,sarcasm_headlines,,
3 ways you can be a more positive leader,1,sarcasm_headlines,,
"ben affleck slurs words defending his one true love, tom brady",1,sarcasm_headlines,,
these timelapses of america's fastest-growing cities will make your jaw drop,1,sarcasm_headlines,,
cruz super pac aims to take out rubio in florida,1,sarcasm_headlines,,
emotional intelligence can boost your career and save your life,1,sarcasm_headlines,,
utah adopts nation's strictest drunk driving law,1,sarcasm_headlines,,
12 juicy berry recipes that taste like summer,1,sarcasm_headlines,,
is paul ryan helping to support the white supremacist movement?,1,sarcasm_headlines,,
radical cleric acquitted of conspiracy charges,1,sarcasm_headlines,,
cindy crawford and her look-alike family show support at charity event,1,sarcasm_headlines,,
trump responds to supreme court abortion ruling,1,sarcasm_headlines,,
the music of strangers: a film review by dr. lloyd sederer,1,sarcasm_headlines,,
"parkland dad has pointed message for oliver north, nra's new president",1,sarcasm_headlines,,
this may be the most disgusting thing you'll see all week (we warned you),1,sarcasm_headlines,,
venture fair in athens gives greek entrepreneurs newfound hope,1,sarcasm_headlines,,
david duchovny dishes on the upcoming 'x-files' miniseries,1,sarcasm_headlines,,
obamacare enrollees anxiously await supreme court decision that threatens their coverage,1,sarcasm_headlines,,
women may be more anxious than men at work because they have more to lose,1,sarcasm_headlines,,
burger king's 'who is the king?' vote reportedly angers belgian royal,1,sarcasm_headlines,,
5-year-old has heart-wrenching reunion with mom after airport detention,1,sarcasm_headlines,,
here's how obama pulled off a surprise trip to afghanistan,1,sarcasm_headlines,,
pastor ripped for posting video of woman in wheelchair towed by truck,1,sarcasm_headlines,,
the ukraine: what would churchill do?,1,sarcasm_headlines,,
self-directed retirement accounts and turnkey rental investing,1,sarcasm_headlines,,
the top italy tours for 2015,1,sarcasm_headlines,,
why change sucks even when you're middle age,1,sarcasm_headlines,,
firefighter and police officer take adorable photos with their newborn,1,sarcasm_headlines,,
new york and ibiza had a beautiful sexy baby: they called it tel aviv,1,sarcasm_headlines,,
israeli forces kill palestinian youth wielding knife at checkpoint,1,sarcasm_headlines,,
top hud official worked at cambridge analytica -- but it's not in his bio,1,sarcasm_headlines,,
campaign begins in arizona to make recreational marijuana legal,1,sarcasm_headlines,,
scientists finally figure out what hats do,0,sarcasm_headlines,,
the 'dead poets society' spoof on 'saturday night live' was a gory bloodfest,1,sarcasm_headlines,,
katy perry's 'birthday' music video ruins all birthday parties,1,sarcasm_headlines,,
why statehouse interns are especially vulnerable to sexual harassment,1,sarcasm_headlines,,
beyond marriage equality: the next fight for lgbt rights,1,sarcasm_headlines,,
holiday dinner wines for any budget from a nw resort sommelier,1,sarcasm_headlines,,
'anchor babies' and the gop's manifest destiny politics,1,sarcasm_headlines,,
"dog lets baby climb all over him, continues being this little man's best friend",1,sarcasm_headlines,,
why director brent roske traded hollywood for iowa,1,sarcasm_headlines,,
the trailer for netflix's 'richie rich' reboot is here,1,sarcasm_headlines,,
"why i still love santa, even if he is getting all the credit for my hardwork",1,sarcasm_headlines,,
mexican presidential candidate calls for cutting off thieves' hands,1,sarcasm_headlines,,
rob kardashian apparently tweeted kylie jenner's phone number,1,sarcasm_headlines,,
mathew ward: be willing to work your way up,1,sarcasm_headlines,,
marco rubio knows exactly what he's doing,1,sarcasm_headlines,,
5 netflix things to watch if you can't wait for the royal wedding,1,sarcasm_headlines,,
7 common misconceptions about the hebrew bible,1,sarcasm_headlines,,
amber rose encourages iggy azalea to 'date a bunch of hot guys' to get over nick young,1,sarcasm_headlines,,
one issue that could reshape america for a generation was snubbed at the debate,1,sarcasm_headlines,,
did trump revive failed cold war cuba policy to buy rubio's loyalty?,1,sarcasm_headlines,,
zayn malik breaks his twitter silence to thank fans,1,sarcasm_headlines,,
right on the edge,1,sarcasm_headlines,,
the most important things we know after nfl week 3,1,sarcasm_headlines,,
clinton campaign hits trump for seeing brexit as boon to his business,1,sarcasm_headlines,,
yoga: how we serve survivors of violence and toxic stress,1,sarcasm_headlines,,
the rock for president? dwayne johnson now 'seriously considering' a run,1,sarcasm_headlines,,
'a letter to my granddaughters',1,sarcasm_headlines,,
cops attempt to unlock phone of man they killed using his finger,1,sarcasm_headlines,,
philly cheesesteak either perfect or disgusting,0,sarcasm_headlines,,
kentucky clerk asks court to force governor to let her deny gay marriages,1,sarcasm_headlines,,
"postal worker rescues gifts from burning truck, saves christmas",1,sarcasm_headlines,,
cops recording your every move for 10 weeks doesn't violate the constitution,1,sarcasm_headlines,,
violence erupts ahead of u.s. embassy opening in jerusalem,1,sarcasm_headlines,,
dwight howard is finished masquerading as a superstar,1,sarcasm_headlines,,
"u.s. women's ice hockey team crushes finland, heads to olympic finals",1,sarcasm_headlines,,
the middle class is so christmas past,1,sarcasm_headlines,,
'political' science: it's déja vu all over again,1,sarcasm_headlines,,
"mysterious american flags in northern syria were planted by u.s. troops, pentagon says",1,sarcasm_headlines,,
see the first photo of alicia keys' baby boy!,1,sarcasm_headlines,,
low and unrepresentative voter turnout in california,1,sarcasm_headlines,,
5 ways to get rid of summer weight gain,1,sarcasm_headlines,,
"evidence photos prove michael brown hit darren wilson so hard, he almost left a mark",1,sarcasm_headlines,,
17 wedding pics that will make you want to cozy up with your boo,1,sarcasm_headlines,,
rick perry returning to iowa,1,sarcasm_headlines,,
why happy hours may soon replace early bird specials,1,sarcasm_headlines,,
busy woman keeps best-dressed oscar slideshow tab open to be savored as sumptuous feast at her leisure,0,sarcasm_headlines,,
crossing the axis of evil,1,sarcasm_headlines,,
which celebrities share your astrological sign?,1,sarcasm_headlines,,
fan just going to keep open mind about whether new 'star wars' best or worst movie ever,0,sarcasm_headlines,,
you have the right to remain obnoxious,1,sarcasm_headlines,,
ko'd martial artist is epitome of show-must-go-on in 'got talent',1,sarcasm_headlines,,
the incredible story of how america saved a national treasure from extinction,1,sarcasm_headlines,,
three jews visit scandinavia,1,sarcasm_headlines,,
"do not bring your kids to 'measles parties,' doctors warn",1,sarcasm_headlines,,
real-life fitness strategies to survive the winter months,1,sarcasm_headlines,,
dogs at polling stations are getting the uk through election day,1,sarcasm_headlines,,
john oliver has a heartfelt message for orlando,1,sarcasm_headlines,,
#brownribboncampaign reminds us oscar diversity isn't just black and white,1,sarcasm_headlines,,
now it's burger king renouncing us citizenship -- let's eat somewhere else,1,sarcasm_headlines,,
the views from this italian city will take your breath away,1,sarcasm_headlines,,
kylie jenner snaps a bikini selfie,1,sarcasm_headlines,,
"study: beginning email with short, disingenuous inquiry into personal life best way to network",0,sarcasm_headlines,,
donald trump says he'll do interview with univision's jorge ramos,1,sarcasm_headlines,,
"for america's future, engineering needs to diversify",1,sarcasm_headlines,,
obama begins sales pitch on trade to wary u.s. public,1,sarcasm_headlines,,
trump lawyer sends cease-and-desist letter to steve bannon,1,sarcasm_headlines,,
thankful for our power: a thankful discourse in a time of reckoning,1,sarcasm_headlines,,
mall pastry shop takes oscar for best cinnabontography,0,sarcasm_headlines,,
nation finally ready to look at more sidewalk drawings that look like big holes but are actually just flat,0,sarcasm_headlines,,
transgender inmates to be integrated according to identity in san francisco,1,sarcasm_headlines,,
reince priebus says rnc was 'absolutely not hacked',1,sarcasm_headlines,,
the best rooftop bars in the u.s.,1,sarcasm_headlines,,
perfect girlfriend blames self for everything,0,sarcasm_headlines,,
best buy employee wearing different colored shirt for some reason,0,sarcasm_headlines,,
apple loses patent lawsuit to university of wisconsin-madison,1,sarcasm_headlines,,
"denée benton, aka ruby on 'unreal,' is headed to broadway",1,sarcasm_headlines,,
how to make cereal milk ice cream,1,sarcasm_headlines,,
the double and the christmas holidays,1,sarcasm_headlines,,
they finally did something cool to spider-man's suit after all those movies,1,sarcasm_headlines,,
gop voters will probably support anyone their party nominates,1,sarcasm_headlines,,
chicago is fighting climate change no matter what trump says,1,sarcasm_headlines,,
justice thomas' wife calls supreme court retirement report 'bogus',1,sarcasm_headlines,,
the democrats can no longer avoid introspection,1,sarcasm_headlines,,
government data sharpens focus on crude-oil train routes,1,sarcasm_headlines,,
the 'perfect body' is a lie. i believed it for a long time and let it shrink my life,1,sarcasm_headlines,,
behind every easter is a crucifixion,1,sarcasm_headlines,,
man who supplied guns to california shooters arrested on terrorism-related charges,1,sarcasm_headlines,,
olivia wilde takes down subway riders who don't give seats to pregnant women,1,sarcasm_headlines,,
study: 'hangin' in there' best one can now feel,0,sarcasm_headlines,,
why the azores are the best european island destination for all types of travelers,1,sarcasm_headlines,,
'the adventures of young hillary' is what america needs right now,1,sarcasm_headlines,,
"newsroom trends, journalism, media ethics and engagement in 2016",1,sarcasm_headlines,,
every song on kendrick lamar's new album is charting on billboard's hot 100,1,sarcasm_headlines,,
teen jumps on whale shark like it's nbd,1,sarcasm_headlines,,
new roommate bestows apartment with unexpected windfall of end tables,0,sarcasm_headlines,,
will congress heed charla nash's message?,1,sarcasm_headlines,,
pele hospitalized for back surgery,1,sarcasm_headlines,,
"on the anniversary of dr. gunn's death, thank an abortion provider",1,sarcasm_headlines,,
"after dark: meet leo gugu, stylist and nightlife personality",1,sarcasm_headlines,,
ellen recruits hollywood's biggest lgbtq stars to pay tribute to obama,1,sarcasm_headlines,,
face-reading: an advantage in business,1,sarcasm_headlines,,
best-laid plans of mice mostly cheese-related,0,sarcasm_headlines,,
obama waiting for perfect moment to walk by white house tour group,0,sarcasm_headlines,,
death toll from powerful mexico earthquake rises to 91,1,sarcasm_headlines,,
eerie sci-fi short explores quest to feel 'connected' with a surprising star,1,sarcasm_headlines,,
daddy yankee singing 'despacito' with cancer patient needs no translation,1,sarcasm_headlines,,
tom izzo calls 2019 spartans best team he's ever threatened with violence,0,sarcasm_headlines,,
is fatherhood in cheyenne jackson's future?,1,sarcasm_headlines,,
national enquirer turns on michael cohen,1,sarcasm_headlines,,
donald trump's supreme court would overturn roe v. wade,1,sarcasm_headlines,,
nba players #prayforpaulgeorge after horrific injury,1,sarcasm_headlines,,
the president's mission to garner sympathy for white supremacists is utter nonsense,1,sarcasm_headlines,,
someone called the cops on jerry seinfeld over a lemonade stand,1,sarcasm_headlines,,
lin-manuel miranda freestyles about life's most annoying minor inconveniences on 'ellen',1,sarcasm_headlines,,
"this ceo will send your kids to school, if you work for his company",1,sarcasm_headlines,,
gay couples fight to be included on birth certificates,1,sarcasm_headlines,,
20 reasons you're so lucky to have a big sister (especially as a young woman!),1,sarcasm_headlines,,
the summer's dumbest video game is also kind of my favorite,1,sarcasm_headlines,,
trump style:  insults and domestic abuse,1,sarcasm_headlines,,
'twin peaks' finally resolves that terrifying cliffhanger,1,sarcasm_headlines,,
who needs the apple watch? this startup is building straps that make any regular watch 'smart',1,sarcasm_headlines,,
why tina fey turned my life as a war reporter into a comedy,1,sarcasm_headlines,,
"'you're my best friend,' says obama to drone that appears outside bedroom window every night",0,sarcasm_headlines,,
karen mcdougal released from contract restricting her from discussing trump affair,1,sarcasm_headlines,,
duchess kate hits scotland in a gorgeous blue coat,1,sarcasm_headlines,,
white house finally reveals whether donald trump has confidence in jeff sessions,1,sarcasm_headlines,,
autonomy: the self-driving car and you,1,sarcasm_headlines,,
team obama's last gasp for middle east peace explained,1,sarcasm_headlines,,
'the bold type' creator on tackling sexual assault in the show's hopeful finale,1,sarcasm_headlines,,
"why the united states needs a ""ladenschlussgesetz""",1,sarcasm_headlines,,
today is green monday: the day to finish up your online shopping,1,sarcasm_headlines,,
chinese man worried you can't have respectful debate about how amazing government is anymore,0,sarcasm_headlines,,
former mexican president to trump: 'your mouth is the foulest shithole in the world',1,sarcasm_headlines,,
white male privilege squandered on job at best buy,0,sarcasm_headlines,,
the fallacy of state-coerced marriage officiants: a primer from the military chaplaincy,1,sarcasm_headlines,,
12 weird sports rules you may not have heard of,1,sarcasm_headlines,,
shaky ukrainian ceasefire largely holds,1,sarcasm_headlines,,
from walls to wheels: driving art in high gear,1,sarcasm_headlines,,
"5,000 jack-o'-lanterns stun in haunting halloween display",1,sarcasm_headlines,,
what to do about charlottesville,1,sarcasm_headlines,,
washington players celebrate on the field with simulated 'stop and frisk',1,sarcasm_headlines,,
"chewing, and choking, on false (nutritional) equivalence",1,sarcasm_headlines,,
mother's day card finally arrives,0,sarcasm_headlines,,
muslims respond to hateful protests with voter registration drives,1,sarcasm_headlines,,
time to redefine and de-silo online safety efforts,1,sarcasm_headlines,,
are you catching other people's emotions?,1,sarcasm_headlines,,
roommate dancing while he thinks no one's watching is amazing,1,sarcasm_headlines,,
"broward sheriff's deputy stole dvds, toys from walmart while in uniform: police",1,sarcasm_headlines,,
read the new federal court ruling blocking trump's travel ban,1,sarcasm_headlines,,
budapest protesters fight government shutdown of soros-founded university,1,sarcasm_headlines,,
corbett friend screwing with newspaper endorsements,1,sarcasm_headlines,,
will a mega-billionaire rescue america from gop's insurance mayhem?,1,sarcasm_headlines,,
baltimore mayor stephanie rawlings-blake will not seek re-election,1,sarcasm_headlines,,
6 queer couples share their definition of black love,1,sarcasm_headlines,,
jill soloway has a simple fix for ending hollywood sexism,1,sarcasm_headlines,,
senate amendment would dramatically improve how doctors treat heroin addiction,1,sarcasm_headlines,,
the worst place in the world for a child,1,sarcasm_headlines,,
what if they held an anti-immigrant party and nobody came?,1,sarcasm_headlines,,
these photos show the strength of students as they protest gun violence,1,sarcasm_headlines,,
diy holiday gift bag,1,sarcasm_headlines,,
"yoga, mindfulness and weight management",1,sarcasm_headlines,,
"huffpost expands its reporting, video and audio teams with latest round of new hires",1,sarcasm_headlines,,
un chief warns that women's rights are under attack worldwide,1,sarcasm_headlines,,
"prosecutors in tamir rice case bizarrely pointed toy gun at witness, lawyers allege",1,sarcasm_headlines,,
harvard's black students pen powerful response to grand jury decisions,1,sarcasm_headlines,,
"an iceberg the size of rome may have killed 150,000 penguins (update)",1,sarcasm_headlines,,
two folks wield lightsabers against fireworks from the dark side,1,sarcasm_headlines,,
trump administration finds a new way to fight with the uk,1,sarcasm_headlines,,
assessing our children to death,1,sarcasm_headlines,,
mit scientists perfect $30 million love tester,0,sarcasm_headlines,,
trump didn't need a watergate to sink his ratings to nixonian levels,1,sarcasm_headlines,,
surge soda is back! (and has already sold out once),1,sarcasm_headlines,,
the rnc asked tweeters to take a donald trump approval poll. they did so with glee.,1,sarcasm_headlines,,
a murder in kurdistan,1,sarcasm_headlines,,
surge soda again sells out on amazon,1,sarcasm_headlines,,
7 poses to help you keep your new year's intentions,1,sarcasm_headlines,,
24 movies you'll want to see over the remainder of 2017,1,sarcasm_headlines,,
wall street executive telling friend how amazing it is to see clinton live,0,sarcasm_headlines,,
"trump is telling ""jokes,"" but nobody's laughing",1,sarcasm_headlines,,
"'tall women in clogs' busts stereotypes about height, gender and more",1,sarcasm_headlines,,
huffpost hill - list of exciting job openings at goldman sachs grows,1,sarcasm_headlines,,
'black panther' success will help fund boys & girls clubs' stem centers,1,sarcasm_headlines,,
kathryn bigelow - first woman to win oscar for best directress,0,sarcasm_headlines,,
"physically fit, emotionally stable kim jong-un addresses un after finally getting nuclear ambitions out of system",0,sarcasm_headlines,,
growing up with the holocaust as a writer,1,sarcasm_headlines,,
"pope francis says his time as pope will be short, misses pizza",1,sarcasm_headlines,,
"trump's problems aren't going away: despite conflicting testimony, americans will believe comey has told the truth",1,sarcasm_headlines,,
hershey: u.s. income inequality is transforming the chocolate business,1,sarcasm_headlines,,
man shows up with gun at alton sterling memorial,1,sarcasm_headlines,,
"stage door: death of a salesman, hell's belles",1,sarcasm_headlines,,
presidential debate ignores climate change ... again,1,sarcasm_headlines,,
why reese witherspoon says she's 'definitely' a southern mom,1,sarcasm_headlines,,
banksy exhibit inspires ex-drug addict to change his own life through art,1,sarcasm_headlines,,
"man who just purchased 3,000 rounds of ammunition online perfectly sane, thinks man processing order",0,sarcasm_headlines,,
spoof gum commercial chews away at islamophobia in the best possible way,1,sarcasm_headlines,,
paul ryan's war on social security,1,sarcasm_headlines,,
growing up in transylvania,1,sarcasm_headlines,,
stephen curry is way better than his dad at playing horse,1,sarcasm_headlines,,
'ass' finally inducted into video game hall of fame,0,sarcasm_headlines,,
higher one must repay millions to students over 'deceptive' financial aid practices,1,sarcasm_headlines,,
"mexico expects nafta talks by late august, economy minister says",1,sarcasm_headlines,,
what if every school had this sign?,1,sarcasm_headlines,,
clarissa from 'clarissa explains it all' is all grown up in new book,1,sarcasm_headlines,,
president who bragged of groping women declares sexual assault awareness month,1,sarcasm_headlines,,
real love isn't about finding someone who meets all the criteria on your list,1,sarcasm_headlines,,
man stuffs cash into shirt of gop congressman who voted to repeal obamacare,1,sarcasm_headlines,,
"gunman kills teen, police officer in shooting spree",1,sarcasm_headlines,,
meeting jon snow irl is apparently like seeing the 'mona lisa' for the first time,1,sarcasm_headlines,,
kylo ren of 'star wars: the force awakens' was inspired by nazis ... sorta,1,sarcasm_headlines,,
khloe kardashian says no one was doing cocaine at kylie jenner's graduation party,1,sarcasm_headlines,,
patrick dempsey's wife files for divorce,1,sarcasm_headlines,,
bob saget says mentor bill cosby has been 'tarnished' by 'despicable' acts,1,sarcasm_headlines,,
national geographic finally captures rare shot of antelopeater feeding,0,sarcasm_headlines,,
things you say in emails vs. how you look typing them,1,sarcasm_headlines,,
the sales of the week will make you forget that it's 30 degrees in april,1,sarcasm_headlines,,
study: marriages between perfectly matched couples should still only last about 15 years,0,sarcasm_headlines,,
fiscal challenges for nyc's health and hospitals corporation,1,sarcasm_headlines,,
conservatives urge facebook users to use american flag filter to fight against rainbow pics,1,sarcasm_headlines,,
the question all real-life 'heroes' ask themselves,1,sarcasm_headlines,,
why this video of a boy zipping a jacket is so powerful,1,sarcasm_headlines,,
january jones wears many faces for violet grey,1,sarcasm_headlines,,
"'wow, no one saw this coming' nation groans as norway's 'kon-tiki' nabs best foreign picture nomination",0,sarcasm_headlines,,
white house prepares to send congress $15 billion spending cuts package,1,sarcasm_headlines,,
the clothes you're wearing may have been illegally made by syrian refugees,1,sarcasm_headlines,,
is jeb's mulligan on iraq convincing or a tar baby he can't escape?,1,sarcasm_headlines,,
deadly stabbing attack at maryland prayer center,1,sarcasm_headlines,,
"with greetings from trump, pence says u.s. committed to europe",1,sarcasm_headlines,,
15 stunning and clever accent chairs your home is missing,1,sarcasm_headlines,,
report: there probably not the best place to stand,0,sarcasm_headlines,,
the bible has no place in modern american society: sobering lessons from donald trump and kim burrell,1,sarcasm_headlines,,
mark wahlberg prays god will forgive him for this movie role,1,sarcasm_headlines,,
espn to have first female analyst call top soccer tournament on u.s. tv,1,sarcasm_headlines,,
latina student who filmed 'build a wall' chant speaks out about backlash,1,sarcasm_headlines,,
report: things finally as bad as trump claims,0,sarcasm_headlines,,
airlines change the carry-on rules,1,sarcasm_headlines,,
how fake meat may change our future thanksgiving dinners,1,sarcasm_headlines,,
police officers replace 11-year-old's stolen xbox with a brand-new one,1,sarcasm_headlines,,
university of texas professors sue to block guns in classrooms,1,sarcasm_headlines,,
the first trailer for abc's menéndez brothers documentary treats murderers like rock stars,1,sarcasm_headlines,,
shrinking majority of americans supports marijuana legalization,1,sarcasm_headlines,,
u.s. and britain call for immediate ceasefire in yemen,1,sarcasm_headlines,,
the easiest step-by-step guide to start traveling,1,sarcasm_headlines,,
joe walsh executed to keep 'eagles greatest hits' sales ahead of 'thriller',0,sarcasm_headlines,,
trevor noah: 'moms are just like superheroes without the capes',1,sarcasm_headlines,,
billy crystal reprises his 'city slickers' role to enter 'westworld',1,sarcasm_headlines,,
6 texas books that aren't about cowboys,1,sarcasm_headlines,,
the mesmerizing photographs of eva schlegel arrive at park hyatt vienna,1,sarcasm_headlines,,
the story of sheldon adelson's purchase of a las vegas paper is even crazier than you think,1,sarcasm_headlines,,
we must increase food aid during time of famine,1,sarcasm_headlines,,
the unicorn frappuccino is coming to a starbucks near you,1,sarcasm_headlines,,
"ferguson protesters celebrate thanksgiving in a church, boycott black friday",1,sarcasm_headlines,,
"progress, and laughs, found in tampon jokes",1,sarcasm_headlines,,
'steven universe' creator rebecca sugar on lgbt stories for kids,1,sarcasm_headlines,,
adam levine proudly displays his 'baby bump' alongside wife in cute instagram photo,1,sarcasm_headlines,,
"bud light hopes amy schumer, seth rogen and beer help you forget this horrible election",1,sarcasm_headlines,,
ecstatic pope francis finally lands role as mary in st. peter's christmas pageant,0,sarcasm_headlines,,
why the lord's prayer is bad news for many christians,1,sarcasm_headlines,,
hundreds of people will work to make sure woody harrelson's live movie goes smoothly,1,sarcasm_headlines,,
roger stone says his conversation with dnc hackers was 'completely innocuous',1,sarcasm_headlines,,
new hampshire lets debunked gay conversion therapy remain legal,1,sarcasm_headlines,,
troop leader awards boy scout with 'tried to save best friend' badge,0,sarcasm_headlines,,
stan van gundy calls himself out for his past use of term 'posse',1,sarcasm_headlines,,
geckos have a blast during space mission,1,sarcasm_headlines,,
why an 83-year-old woman walked into a police station looking for a hug,1,sarcasm_headlines,,
"mike pence's nfl 'stunt' in indianapolis may have cost taxpayers over $88,000",1,sarcasm_headlines,,
editors of '401 best soups' cookbook still fighting,0,sarcasm_headlines,,
waymo is quietly winning the self-driving car race,1,sarcasm_headlines,,
skittles highway spill reveals awful trend in the food industry,1,sarcasm_headlines,,
"it's just 15 minutes to a grown-up, but not to kids",1,sarcasm_headlines,,
horrified pope calls philadelphia humanity's greatest sin against god,0,sarcasm_headlines,,
hurricane harvey is just the latest in facebook's fake news problem,1,sarcasm_headlines,,
steve bannon slated to speak at black entrepreneurs summit,1,sarcasm_headlines,,
a look behind the bedroom door at what's causing your low libido,1,sarcasm_headlines,,
celebrities are freaking out as election results roll in,1,sarcasm_headlines,,
russian-iranian arms sale: repercussions of the nuclear talks,1,sarcasm_headlines,,
preview expiration test 2,1,sarcasm_headlines,,
taliban condemns trump's decision to continue war in afghanistan,1,sarcasm_headlines,,
ferguson shop owner 'overwhelmed' by community support after looting,1,sarcasm_headlines,,
praise the lord or praise the person?,1,sarcasm_headlines,,
e. coli outbreak linked to chipotle spreads to 3 more states,1,sarcasm_headlines,,
drink me now: tomatoes,1,sarcasm_headlines,,
medicaid expansion tied to employment among people with disabilities,1,sarcasm_headlines,,
woman with amazing rack told she has beautiful eyes,0,sarcasm_headlines,,
tick scientists confirm 2017 summer will be best on record,0,sarcasm_headlines,,
"dogs smell grandma's scent, set off on quest to find her",1,sarcasm_headlines,,
creating black futures within the present,1,sarcasm_headlines,,
"processed meat is carcinogenic and red meat probably is, says who",1,sarcasm_headlines,,
lin-manuel miranda disses donald trump in 'my shot' remix on 'snl',1,sarcasm_headlines,,
what the house gop isn't telling you about their obamacare repeal bill,1,sarcasm_headlines,,
how an obama cut-out is helping me survive a trump presidency,1,sarcasm_headlines,,
elder women as agents of change,1,sarcasm_headlines,,
vin diesel will finally kiss car in 'fast & furious 6',0,sarcasm_headlines,,
3 numbers that say a lot about donald trump,1,sarcasm_headlines,,
"annie is not as bad as you feared, but not as good as you hoped",1,sarcasm_headlines,,
"whoops: franklin graham's new bank is lgbt-friendly, too",1,sarcasm_headlines,,
super bowl 2015: to cheat or not to cheat,1,sarcasm_headlines,,
laser pointer aimed toward space in 1997 finally annoying planet 13 light-years away,0,sarcasm_headlines,,
old hollywood portraits capture stars in candid moments between takes,1,sarcasm_headlines,,
transplanting marijuana: myth to mainstream america,1,sarcasm_headlines,,
princess slays the knight,1,sarcasm_headlines,,
weekend roundup: victory in myanmar for democracy -- on a leash,1,sarcasm_headlines,,
dolphin spends amazing vacation swimming with stockbroker,0,sarcasm_headlines,,
the importance of trying,1,sarcasm_headlines,,
"australia is responsible for immigrant children suffering in detention, un investigator says",1,sarcasm_headlines,,
when men 'misremember' violating women,1,sarcasm_headlines,,
"exhausted, defeated voters finally beginning to relate to hillary clinton",0,sarcasm_headlines,,
this weightlifting blooper was funny -- but we all missed the bigger picture,1,sarcasm_headlines,,
united flight diverted after dog loaded on plane by mistake,1,sarcasm_headlines,,
americans approve of barack obama's legacy but don't necessarily want to see it continue,1,sarcasm_headlines,,
"stock market 'best since 1928,' say investors",0,sarcasm_headlines,,
dave chappelle reprises 'chappelle's show' characters for 'walking dead' spoof on 'snl',1,sarcasm_headlines,,
the nfl should release the details of its johnny manziel investigation,1,sarcasm_headlines,,
dear president trump: our grandparents were refugees. this is their story.,1,sarcasm_headlines,,
martin o'malley explains how he'd expand social security as progressives wait on hillary clinton,1,sarcasm_headlines,,
"just when couple finally stops stressing about having a baby, they're still not pregnant",0,sarcasm_headlines,,
what money for trump's border wall could buy in disaster relief funding,1,sarcasm_headlines,,
'not racist' guy says honoring mlk will make him show 'racist ways',1,sarcasm_headlines,,
huffpost hill - house republicans vote unanimously to fight later,1,sarcasm_headlines,,
report: greatest factor in employee retention boss sending out end-of-year note titled 'thanks team',0,sarcasm_headlines,,
"why i won't be at pride this year, in one long rant",1,sarcasm_headlines,,
how to grocery shop for lasting beauty,1,sarcasm_headlines,,
it's high time we research medical marijuana,1,sarcasm_headlines,,
would a push to hire more women reduce gender pay-gap? not until we fix the pipeline,1,sarcasm_headlines,,
the soul-crushing reality of the stay-at-home dad,1,sarcasm_headlines,,
these epic 360-degree photos will make you feel like you're on vacation,1,sarcasm_headlines,,
the inside scoop on fall's must-see movies,1,sarcasm_headlines,,
how to use facebook to make yourself happy,1,sarcasm_headlines,,
"jimmy fallon, judd apatow and keanu reeves perform stand-up written by kids",1,sarcasm_headlines,,
100 ways to connect intimately with your partner,1,sarcasm_headlines,,
"what is mindful eating, and how do you practice it?",1,sarcasm_headlines,,
"'planet earth ii' finale finally resolves will-they/won't-they storyline between snow leopard, golden eagle",0,sarcasm_headlines,,
sara gilbert crush finally starting to subside,0,sarcasm_headlines,,
steve kerr gave an impassioned plea for gun control that everyone should hear,1,sarcasm_headlines,,
is this the end of the trump reality show?,1,sarcasm_headlines,,
lingerie made for queer people? now there's a boutique for that,1,sarcasm_headlines,,
"why christ, mao and the buddha are making a comeback in china",1,sarcasm_headlines,,
more berkeley professors shown to have violated sexual misconduct policy,1,sarcasm_headlines,,
can this man save detroit public schools?,1,sarcasm_headlines,,
trump vows to kill 50 years of federal health and safety protections,1,sarcasm_headlines,,
elect to watch all 13 of stephen curry's record-breaking 3-pointers,1,sarcasm_headlines,,
friday's morning email: charleston gunman planned attack for months,1,sarcasm_headlines,,
aclu drags taylor swift for trying to silence critic,1,sarcasm_headlines,,
ted cruz says gop leaders planned to cave on immigration all along,1,sarcasm_headlines,,
obama supporter has perfectly improbable explanation absolving president from blame for scandals,0,sarcasm_headlines,,
"in iran and north korea, trump is playing with nuclear fire",1,sarcasm_headlines,,
olive garden voted best italian restaurant in annual 'milwaukee magazine' awards,0,sarcasm_headlines,,
cc sabathia opens up for first time since entering rehab,1,sarcasm_headlines,,
shake shack celebrates the return of 'will & grace' in sweet (and boozy) way,1,sarcasm_headlines,,
sean penn sues 'empire' creator lee daniels for claiming the actor hits women,1,sarcasm_headlines,,
secretary of agriculture finally gets around to reading fast food nation,0,sarcasm_headlines,,
kim kardashian and the toxic trend of bad celebrity health advice,1,sarcasm_headlines,,
"no more adult conversations, prayers or moments of silence",1,sarcasm_headlines,,
bill kristol: rand paul 'is totally overrated' for 2016,1,sarcasm_headlines,,
this note left in robert griffin iii's locker sure seems like a clue to his future,1,sarcasm_headlines,,
where mormon feminists stand a year after kate kelly's excommunication,1,sarcasm_headlines,,
robert pattinson is surprised to learn you still like him,1,sarcasm_headlines,,
a socal brunch spot was caught using popeyes chicken in its dishes,1,sarcasm_headlines,,
the 'love actually' mini-sequel won't include alan rickman or emma thompson,1,sarcasm_headlines,,
'simply unworkable': insurers blast new provision in senate health bill,1,sarcasm_headlines,,
facebook in real life: politics,1,sarcasm_headlines,,
michelle obama explains in no uncertain terms why she won't run for office,1,sarcasm_headlines,,
statues and place names continue to honor champions of slavery,1,sarcasm_headlines,,
3 reasons i haven't told people i'm doing ivf,1,sarcasm_headlines,,
ferguson crisis is symptomatic of many other injustices,1,sarcasm_headlines,,
dedicated 'humans of new york' fans raise money to send underserved kids on harvard visit,1,sarcasm_headlines,,
new study finds humans experience greatest feelings of joy when pushing 'skip ad' button,0,sarcasm_headlines,,
"artificial intelligence is here to help us, microsoft boss jean-philippe courtois says",1,sarcasm_headlines,,
"for novelists, success is not monetary",1,sarcasm_headlines,,
ruby rose and what makes gender non-conforming 'sexy' (or not),1,sarcasm_headlines,,
nick jonas shows off his best 'blue steel' on cover of adon magazine,1,sarcasm_headlines,,
obama: 'arnold palmer had swagger before we had a name for it',1,sarcasm_headlines,,
video proof robin williams will always make us laugh,1,sarcasm_headlines,,
"microsoft debuts surface book, its first laptop, plus other new gizmos",1,sarcasm_headlines,,
an iowa teenager didn't wreck his state's health care market. here's who did.,1,sarcasm_headlines,,
how fico's new credit score will impact consumers,1,sarcasm_headlines,,
what's for breakfast? how about some monsanto weed killer?,1,sarcasm_headlines,,
pharma's puerto rico problems could mean drug shortages,1,sarcasm_headlines,,
online therapy necessary to address growing mental health burden,1,sarcasm_headlines,,
massive filament snakes across sun's surface,1,sarcasm_headlines,,
spring clean your business,1,sarcasm_headlines,,
open letter to all potential mayoral candidates (a response would be nice),1,sarcasm_headlines,,
nobody keeps baby from the corner,1,sarcasm_headlines,,
it's a girl for christina aguilera!,1,sarcasm_headlines,,
stage door: forbidden broadway's gerard alessandrini,1,sarcasm_headlines,,
9 ways the most successful people see life differently,1,sarcasm_headlines,,
why 'death to america' isn't going to disappear overnight (but in the short term it doesn't matter),1,sarcasm_headlines,,
how to emotionally recover from the election,1,sarcasm_headlines,,
trump bestows medal of honor on john mccain's tumor,0,sarcasm_headlines,,
"adele dresses up as dolly parton, to make her feel her love",1,sarcasm_headlines,,
supreme court to consider lifting class-action bar for millions of workers,1,sarcasm_headlines,,
why it should bother everyone that the oscars are so white,1,sarcasm_headlines,,
twister seat could make flying coach way more comfortable,1,sarcasm_headlines,,
look: this is what an lgbt ally looks like,1,sarcasm_headlines,,
the january jobs report in pictures,1,sarcasm_headlines,,
u2 takes aim at donald trump and white supremacists in biting new music video,1,sarcasm_headlines,,
charlize theron meets the kill club in new 'dark places' clip,1,sarcasm_headlines,,
starved dogs thrown from van are learning to trust humans again,1,sarcasm_headlines,,
baltimore named city with best quality of pigeon life,0,sarcasm_headlines,,
"clinton will weigh in on trade deal 'when it's final,' campaign says",1,sarcasm_headlines,,
stephen colbert let deray mckesson interview him about his whiteness,1,sarcasm_headlines,,
baylor player has the perfect response to the dumbest question,1,sarcasm_headlines,,
"why i didn't run from my rapist, why i couldn't",1,sarcasm_headlines,,
30 days of online dating: my first tinder date,1,sarcasm_headlines,,
the 30 best workplaces to retire from,1,sarcasm_headlines,,
the nuisance of nuance: one president's doubling down on the dumbing down of american politics,1,sarcasm_headlines,,
james corden and stephen curry are a fierce 'carpool karaoke' team,1,sarcasm_headlines,,
seth meyers calls out al franken for 'horrifying' groping photo,1,sarcasm_headlines,,
is america now a debtor nation?,1,sarcasm_headlines,,
'jessica jones' uses superheroes to expose the terror of domestic abuse,1,sarcasm_headlines,,
mlb announces new domestic violence policy,1,sarcasm_headlines,,
melo's hat game > knicks' triangle offense,1,sarcasm_headlines,,
anti-slavery hamilton may get to stay on $10 bill while genocidal slaver jackson gets pushed off the $20,1,sarcasm_headlines,,
'american horror story: freak show' leak reveals big spoilers,1,sarcasm_headlines,,
here's a preview of what obama will say in the state of the union,1,sarcasm_headlines,,
trump's deal with democrats gives proof to fans and critics alike,1,sarcasm_headlines,,
citizens ask: how many guns do we need?,1,sarcasm_headlines,,
"melting ice sheets changing the way the earth wobbles on its axis, says nasa",1,sarcasm_headlines,,
5 reasons you should let your mind wander,1,sarcasm_headlines,,
this 'alice in wonderland' wedding will take you down the rabbit hole,1,sarcasm_headlines,,
how i navigated my first 7 years of sobriety,1,sarcasm_headlines,,
"carly rae jepsen just released her new single, 'all that'",1,sarcasm_headlines,,
bill murray is even charming while trying to bribe umpires,1,sarcasm_headlines,,
10 ways to raise a reader,1,sarcasm_headlines,,
christopher cross finally reaches mexican border,0,sarcasm_headlines,,
one little girl beat the deadliest form of tuberculosis. she is very lucky.,1,sarcasm_headlines,,
quiz: where should you live abroad?,1,sarcasm_headlines,,
bloomberg's program to build better cities just got bigger,1,sarcasm_headlines,,
firefighter who took in friend's 6 kids after he died on 9/11 gets best father's day gift ever,1,sarcasm_headlines,,
"a letter to ally parents, from your lesbian friend",1,sarcasm_headlines,,
the threat to america that no one is talking about,1,sarcasm_headlines,,
"mattis, tillerson want blank check to wage illegal war",1,sarcasm_headlines,,
5 longevity secrets from the world's healthiest cultures,1,sarcasm_headlines,,
"hot, sweaty jane fonda wondering if that's the best delivery boy's got",0,sarcasm_headlines,,
tomb of lost egyptian queen discovered,1,sarcasm_headlines,,
why father's day is so difficult for me,1,sarcasm_headlines,,
the internet and social media: how to disconnect,1,sarcasm_headlines,,
see the most intense 'secret in their eyes' trailer yet,1,sarcasm_headlines,,
the one thing you probably didn't know about genetic inheritance,1,sarcasm_headlines,,
frustrated men demand to know 'exactly where on tits it okay to touch nowadays',0,sarcasm_headlines,,
dustin lance black has great reply after being told two men shouldn't raise kids,1,sarcasm_headlines,,
boston teachers visit students' countries of origin to bridge cultural divide,1,sarcasm_headlines,,
atheists demand apology over public university's email about religion,1,sarcasm_headlines,,
"42,000 pounds of trash removed from hawaii home",1,sarcasm_headlines,,
white americans say the starbucks arrests were an isolated incident. black americans say they were part of a pattern.,1,sarcasm_headlines,,
"when a river is a person: from ecuador to new zealand, nature gets its day in court",1,sarcasm_headlines,,
best thing that ever happened to area man yelling at him about socks,0,sarcasm_headlines,,
kim kardashian celebrates 42 million insta followers with raciest pic yet,1,sarcasm_headlines,,
norman reedus' new movie 'air' looks just as creepy as 'walking dead',1,sarcasm_headlines,,
"student athletes, open mics and ncaa profiteers",1,sarcasm_headlines,,
this 14-year-old cellist is making her mark in classical music,1,sarcasm_headlines,,
'night of a thousand judys' is a pride month event you shouldn't miss,1,sarcasm_headlines,,
the most important first step to success,1,sarcasm_headlines,,
"miami-dade county bans styrofoam from parks, beaches",1,sarcasm_headlines,,
every single kid who was orphaned by ebola in guinea has a home,1,sarcasm_headlines,,
trump calls failed bid to repeal obamacare 'pretty impressive',1,sarcasm_headlines,,
"trump threatens to veto spending bill over border wall funding, then signs it",1,sarcasm_headlines,,
joe zee talks about the least glamorous part of his job,1,sarcasm_headlines,,
republicans admit tax reform won't benefit all middle-class households,1,sarcasm_headlines,,
weird couple has greatest sex of their lives after announcement of disney-lucasfilm merger,0,sarcasm_headlines,,
tennis star forgot her massive check at u.s. open,1,sarcasm_headlines,,
a republican congressman just destroyed trump's 'lie' of a budget,1,sarcasm_headlines,,
lone man tries to take on a crowd of looters in ferguson,1,sarcasm_headlines,,
everyone should take a lesson from this adorably grateful kid,1,sarcasm_headlines,,
rihanna throws support behind hillary clinton with perfect throwback tee,1,sarcasm_headlines,,
dna swab nabs suspect in vanessa marcotte's killing,1,sarcasm_headlines,,
vietnam: from hell to heaven on earth,1,sarcasm_headlines,,
"mcconnell revs the ad machine, but...",1,sarcasm_headlines,,
miami police officer's facebook plea: 'everyone's life matters',1,sarcasm_headlines,,
watch pharrell dance across the globe in gorgeous 'freedom' video,1,sarcasm_headlines,,
"as more borders close, families rush for refuge",1,sarcasm_headlines,,
guy in audience shouts out perfect thing,0,sarcasm_headlines,,
terrifying tornado gives couple a proposal story they'll never forget,1,sarcasm_headlines,,
here are the best kimye wedding instagrams,1,sarcasm_headlines,,
the wonderful moment a returning soldier surprised his parents at an nhl game,1,sarcasm_headlines,,
warning on police body camera footage cautions viewer they about to see pretty much exactly what they'd expect,0,sarcasm_headlines,,
don sterling won't get an naacp award after all,1,sarcasm_headlines,,
"private prisons, we have a problem",1,sarcasm_headlines,,
huffpost rise: what you need to know on december 16,1,sarcasm_headlines,,
eurostar to start offering direct trips between london and amsterdam,1,sarcasm_headlines,,
huffpost rise: what you need to know on march 11,1,sarcasm_headlines,,
trump suggests iran brought deadly terrorist attacks upon itself,1,sarcasm_headlines,,
help us decide if the build-a-bear ewok is adorable or terrifying,1,sarcasm_headlines,,
what it's like to date when you're a poet,1,sarcasm_headlines,,
the creators of 'supergirl' know that title is a bit misogynistic,1,sarcasm_headlines,,
lena heady goes dark and dramatic for the 2014 emmys,1,sarcasm_headlines,,
ferguson police chief: darren wilson did not know michael brown was suspect in 'strong-armed' robbery,1,sarcasm_headlines,,
why it's ridiculous to report on every poll coming out of new hampshire,1,sarcasm_headlines,,
"human throws her cat a snazzy birthday bash, feline is not impressed",1,sarcasm_headlines,,
it's official: dog owners walk way more,1,sarcasm_headlines,,
china refuses overseas treatment for critically ill nobel peace prize winner,1,sarcasm_headlines,,
"right next door: matthew mcgorry, actor",1,sarcasm_headlines,,
the democrats' false choice,1,sarcasm_headlines,,
issa rae starts scholarship fund for alton sterling's children,1,sarcasm_headlines,,
visiting parents do their best to praise son's new apartment,0,sarcasm_headlines,,
"presidential debate sidetracked by booker, de blasio arguing about best place in lower manhattan to get tapas",0,sarcasm_headlines,,
area man finally sees enough images of bare breasts for entire lifetime,0,sarcasm_headlines,,
10 reasons to visit scotland this year,1,sarcasm_headlines,,
pastor blasts supreme court's gay wedding cake case in unhinged rant,1,sarcasm_headlines,,
starbucks' midnight mint mocha frapp couldn't be further from the unicorn frappuccino,1,sarcasm_headlines,,
clinton and sanders face off in wyoming as race heats up,1,sarcasm_headlines,,
"after 40-day search, authorities finally replace missing boy",0,sarcasm_headlines,,
alec baldwin: it's tough to impersonate the greatest presidential impersonator of all time,1,sarcasm_headlines,,
banners at old dominion university declare students' house a 'freshman daughter drop off' site,1,sarcasm_headlines,,
what on earth do you have to do to be kicked out of politics?,1,sarcasm_headlines,,
aly raisman is not ok with banning gymnastics leotards to prevent abuse,1,sarcasm_headlines,,
5 steps to get you from shy to sociable,1,sarcasm_headlines,,
actor jason george from grey's anatomy talks about gun violence and social justice,1,sarcasm_headlines,,
hillary clinton wins massachusetts' democratic primary,1,sarcasm_headlines,,
police arrest two men in brazil gang-rape case,1,sarcasm_headlines,,
sen. kamala harris' guide to protesting the health care bill,1,sarcasm_headlines,,
learning to lose in argentina,1,sarcasm_headlines,,
diabetes and my personal experience with obtaining health care coverage through obamacare,1,sarcasm_headlines,,
5 spectacular april getaways,1,sarcasm_headlines,,
hillary clinton is likely to be the next president of the united states,1,sarcasm_headlines,,
first baby of 2010 finally born,0,sarcasm_headlines,,
transgender lawmaker danica roem: trump shows there's 'no barrier' to getting elected,1,sarcasm_headlines,,
males circumcised to reduce hiv risk in mozambique shift gender norms surrounding sex,1,sarcasm_headlines,,
the real driver of great innovation via alexander graham bell and pharrell williams,1,sarcasm_headlines,,
tom brady says gisele bundchen told him to shut up about politics,1,sarcasm_headlines,,
"what it's like to become a brand new dad, in photos",1,sarcasm_headlines,,
in venezuela: it's time to consider new options,1,sarcasm_headlines,,
rupert murdoch says ben carson would be a 'real black president',1,sarcasm_headlines,,
eiffel tower finally completed,0,sarcasm_headlines,,
service outages strike ahead of pacquiao vs. mayweather fight,1,sarcasm_headlines,,
new study finds best way to determine if you are android still cutting open forearm to reveal circuitry within,0,sarcasm_headlines,,
how to swear like a local,1,sarcasm_headlines,,
"hillary clinton and the not too bitter, not too smooth, just right primary",1,sarcasm_headlines,,
defending journalism in the age of trump,1,sarcasm_headlines,,
singing the methane blues,1,sarcasm_headlines,,
how bill kristol briefly blew up the 2016 presidential race with a single tweet,1,sarcasm_headlines,,
how to prevent screen addiction in your young children,1,sarcasm_headlines,,
i didn't have this end in mind,1,sarcasm_headlines,,
amber rose takes down trolls who called her 5-year-old son 'gay',1,sarcasm_headlines,,
"mom and dad, please explain this one to your daughters",1,sarcasm_headlines,,
how to make salt-roasted fish with spicy orange salsa,1,sarcasm_headlines,,
leadership: 'strong and wrong' over 'weak and right?',1,sarcasm_headlines,,
the obscure trade provision everyone is talking about,1,sarcasm_headlines,,
officers of the peace,1,sarcasm_headlines,,
john travolta is very thankful for 'dick poop',1,sarcasm_headlines,,
it's been 60 years and we're still failing,1,sarcasm_headlines,,
sales of ivanka trump products surged last month,1,sarcasm_headlines,,
hugh hefner will be laid to rest beside playboy's first cover girl marilyn monroe,1,sarcasm_headlines,,
boy spends his allowance on hundreds of books for inmates,1,sarcasm_headlines,,
"'dear white people' cast, crew honor jordan edwards with scholarship fund",1,sarcasm_headlines,,
the journalist and the fixer,1,sarcasm_headlines,,
tuesday's morning email: ebola contracted outside of west africa,1,sarcasm_headlines,,
amazing medical discovery to add years of fish-oil consumption to man's life,0,sarcasm_headlines,,
nearly half of living nfl veterans show signs of brain injury: study,1,sarcasm_headlines,,
parents finally cave and buy 33-year-old son playstation 1,0,sarcasm_headlines,,
the 'game of thrones' season 6 trailer hints at jon snow's resurrection,1,sarcasm_headlines,,
aviva sees the light,1,sarcasm_headlines,,
woman always gets best ideas while taking shower with two jacked dudes,0,sarcasm_headlines,,
"after ireland, the pressure is on italy to legalize same-sex unions",1,sarcasm_headlines,,
"when we celebrate our differences, we make a better world for all",1,sarcasm_headlines,,
dog the bounty hunter joins lawsuit against chris christie over bail reform,1,sarcasm_headlines,,
is a four-day school week a good idea?,1,sarcasm_headlines,,
a new kind of valentine's day,1,sarcasm_headlines,,
kung fu master with iron crotch is one ballsy martial artist,1,sarcasm_headlines,,
iran's startups promise paradise for the country's unemployed youth,1,sarcasm_headlines,,
john kerry breaks leg in bike crash,1,sarcasm_headlines,,
for all the bffs with zero boundaries,1,sarcasm_headlines,,
here are the most breathtaking new year's eve fireworks displays,1,sarcasm_headlines,,
business solutions can make trade more inclusive,1,sarcasm_headlines,,
chris christie distances himself from struggling trump campaign,1,sarcasm_headlines,,
nba stars send thoughts and prayers to lamar odom,1,sarcasm_headlines,,
crossing the finish line for kids with cardiomyopathy,1,sarcasm_headlines,,
"women, people of color still abysmally underrepresented in hollywood leadership",1,sarcasm_headlines,,
fashion designer prabal gurung is raising thousands for survivors of nepal's earthquake,1,sarcasm_headlines,,
"what not to wear to a wedding, according to etiquette experts",1,sarcasm_headlines,,
snl's jeff richards' delivers 2014's strangest electro-dance comedy greatest hits album,1,sarcasm_headlines,,
'you are not the brightest of my four sons'... and other depressing things that have been said to me,1,sarcasm_headlines,,
elections 2014: read updates on battles around the nation,1,sarcasm_headlines,,
is this a quote from donald trump or dialogue from porn?,1,sarcasm_headlines,,
watch: fox news guest blames mass shooting on 'homosexual impulses',1,sarcasm_headlines,,
merkel condemns 'repulsive' far-right violence in charlottesville,1,sarcasm_headlines,,
taiwan navy fires missile in error as china's communists mark birthday,1,sarcasm_headlines,,
the 7 upsides to sending your last kid off to college,1,sarcasm_headlines,,
"missing puppy headed back to worried owners after 2,400-mile road trip",1,sarcasm_headlines,,
photo of couple married 60 years shows what true devotion really looks like,1,sarcasm_headlines,,
"lena dunham has a theory on why men, apparently, don't like serena williams and ronda rousey",1,sarcasm_headlines,,
area man does his best thinking on his atv,0,sarcasm_headlines,,
5 single parent dating tips,1,sarcasm_headlines,,
trail to the chief: inaugural edition,1,sarcasm_headlines,,
"the eu, the grexit, and market failure",1,sarcasm_headlines,,
joan rivers perfectly shut down the single woman stereotype in 1967,1,sarcasm_headlines,,
scott walker still won't say whether obama is christian,1,sarcasm_headlines,,
watch this little girl age 80 years right before your eyes,1,sarcasm_headlines,,
house republicans prepare their next move on immigration,1,sarcasm_headlines,,
"how smartphones damage our skin, according to dermatologists",1,sarcasm_headlines,,
the quadruple bottom line: its time has come,1,sarcasm_headlines,,
9 things parents could buy with the money they spend on child care,1,sarcasm_headlines,,
here's the trailer for adam sandler's 'the ridiculous 6' on netflix,1,sarcasm_headlines,,
the top 5 issues newlyweds face,1,sarcasm_headlines,,
interfaith efforts work for reconciliation in the central african republic,1,sarcasm_headlines,,
the disaster that is donald trump's tax plan,1,sarcasm_headlines,,
chris stapleton had no idea who adele was when she covered his song,1,sarcasm_headlines,,
mueller reportedly investigating ukraine payment to trump foundation,1,sarcasm_headlines,,
let's celebrate the left-handed leaders who have made a mark on america,1,sarcasm_headlines,,
"news roundup for august 2, 2017",1,sarcasm_headlines,,
"warm weather finally allows man to get outside, explore new ways to sweat",0,sarcasm_headlines,,
reconstruction finally completed on field destroyed by united flight 93,0,sarcasm_headlines,,
communication matters: getting your message out,1,sarcasm_headlines,,
overburdened mental health providers thwart police push for drug treatment,1,sarcasm_headlines,,
there's another grand canyon,1,sarcasm_headlines,,
president obama and hillary clinton met for lunch at the white house,1,sarcasm_headlines,,
caitlyn jenner responds to ricky gervais' golden globes jokes,1,sarcasm_headlines,,
where bernie sanders' health care crusade might go from here,1,sarcasm_headlines,,
report explores possible cia cover-up at guantanamo,1,sarcasm_headlines,,
38 of the best macaroni and cheese recipes on planet earth,1,sarcasm_headlines,,
"teaching, learning and the college ratings framework",1,sarcasm_headlines,,
the perfect little tea cake to kick off fall,1,sarcasm_headlines,,
do you really need to succeed?,1,sarcasm_headlines,,
ebola and the fear that makes us stupid,1,sarcasm_headlines,,
"mr. fuji, iconic pro wrestler and manager, dead at 82",1,sarcasm_headlines,,
jon stewart dancing to drake is the one video you need to see today,1,sarcasm_headlines,,
surprise! rnc's 'women vote trump' event fails to attract many women,1,sarcasm_headlines,,
"one court, indivisible, votes liberty and justice for all",1,sarcasm_headlines,,
dogs in asia: doctors not dinner,1,sarcasm_headlines,,
eye surgery lets abused dog see his rescuer for the very first time,1,sarcasm_headlines,,
the clintons' arkansas network comes to new hampshire,1,sarcasm_headlines,,
russia calls u.s. move to better arm syrian rebels a 'hostile act',1,sarcasm_headlines,,
u.s. budget cuts for aid programs are a false economy,1,sarcasm_headlines,,
usain bolt ends olympic career with one more gold,1,sarcasm_headlines,,
how the washington nationals won over a young atlanta braves fan,1,sarcasm_headlines,,
new york's attorney general wants to keep birth control free,1,sarcasm_headlines,,
content marketing guide from the best content director awardee: nic mccarthy,1,sarcasm_headlines,,
"hundreds of people exactly like manafort, cohen enjoy another day without any consequences whatsoever",0,sarcasm_headlines,,
donald trump: the four-legged stool,1,sarcasm_headlines,,
a guy crashes through a table in snow to celebrate ncaa tournament upset,1,sarcasm_headlines,,
lauren graham just dropped a clue about those final 4 'gilmore girls' words,1,sarcasm_headlines,,
does cyber monday still matter?,1,sarcasm_headlines,,
the u.s. military can't get out (no matter the country or the conflict),1,sarcasm_headlines,,
the world's most dangerous path is reopening to hikers,1,sarcasm_headlines,,
kylie jenner is celebrating her 18th birthday at a beach club in canada,1,sarcasm_headlines,,
dreamers live a nightmare while congress runs down the clock,1,sarcasm_headlines,,
bernie sanders' jumpshot is more impressive than his primary win,1,sarcasm_headlines,,
donald trump casts doubt on russian election interference ahead of vladimir putin meeting,1,sarcasm_headlines,,
trump's hhs nominee got a sweetheart deal from a foreign biotech firm,1,sarcasm_headlines,,
netflix's 'glow' trailer is an '80s wrestling-filled dream,1,sarcasm_headlines,,
chris pratt's son is totally trolling him,1,sarcasm_headlines,,
best buy employee going to tell you what he has at home,0,sarcasm_headlines,,
research finds hysterectomy alone associated with increased long-term health risks,1,sarcasm_headlines,,
8 reasons women in midlife need more than their besties,1,sarcasm_headlines,,
veterans finding a new outlook outdoors,1,sarcasm_headlines,,
trump is the 'embodiment of everything republicans were trying to exorcise',1,sarcasm_headlines,,
egypt sends submarine to look for missing flight ms804,1,sarcasm_headlines,,
republicans steel for a loss in trump country special election,1,sarcasm_headlines,,
devastating floods leave 23 dead in west virginia,1,sarcasm_headlines,,
ukrainian lawmaker outlines details on alleged payments to trump campaign chief,1,sarcasm_headlines,,
5 ways to enjoy your engagement,1,sarcasm_headlines,,
michelle obama finally gets around to reading 'dreams from my father',0,sarcasm_headlines,,
"guantanamo defense lawyers in 9/11 trial aren't under fbi investigation, doj tells court",1,sarcasm_headlines,,
kylie jenner channels pin-up glam in new photo from high fashion shoot,1,sarcasm_headlines,,
3 tips for coping with grief during the holidays,1,sarcasm_headlines,,
mom posts photos from travel ban countries to show we're more alike than different,1,sarcasm_headlines,,
older brother of omran daqneesh dies from injuries sustained in airstrike,1,sarcasm_headlines,,
the stars bundle up in style on our cheap celebrity finds list,1,sarcasm_headlines,,
"bye bye american airlines, bye",1,sarcasm_headlines,,
87% of millennials donated to charity last year and you should stop calling them selfish: report,1,sarcasm_headlines,,
19 amazing things you don't want to miss in the night sky in 2016,1,sarcasm_headlines,,
watch this cat lose its mind after faced with an optical illusion,1,sarcasm_headlines,,
the future of europe: proudly small,1,sarcasm_headlines,,
eminem rips nra in a rap: 'they love their guns more than our children',1,sarcasm_headlines,,
david lynch finally releases colorized edition of 'eraserhead',0,sarcasm_headlines,,
planned parenthood apologizes for statements in undercover video,1,sarcasm_headlines,,
mississippi town rejects 'historic' lgbtq pride parade despite local support,1,sarcasm_headlines,,
scientists finally pronounce human genome,0,sarcasm_headlines,,
an agenda for supporters of a two-state solution,1,sarcasm_headlines,,
christian lgbtq group raises money to help pay for gender-affirming surgeries,1,sarcasm_headlines,,
new documentary to finally shed light on nation's fast food chains,0,sarcasm_headlines,,
net neutrality supporters to protest at verizon stores nationwide this week,1,sarcasm_headlines,,
15 things to bring on your summer adventures,1,sarcasm_headlines,,
man just walked into best buy for no reason whatsoever,0,sarcasm_headlines,,
the peace process is dying at the hands of israel with help from hamas,1,sarcasm_headlines,,
chelsea clinton calls to stop the demand for ivory to protect africa's elephants,1,sarcasm_headlines,,
monday's morning email: the aftermath of the worst mass shooting in u.s. history,1,sarcasm_headlines,,
the unexpected place you're probably overeating,1,sarcasm_headlines,,
dems discuss dropping wasserman schultz,1,sarcasm_headlines,,
"from 1937 to hillary clinton, how americans have felt about a woman president",1,sarcasm_headlines,,
"north korea demolishes tunnels at nuclear test site, reports say",1,sarcasm_headlines,,
the failure of the iraq war,1,sarcasm_headlines,,
santa claus tells stephen colbert why he voted for donald trump,1,sarcasm_headlines,,
less than half of the money pledged to fight ebola reached affected countries,1,sarcasm_headlines,,
send in the clowns.. to the zaatari refugee camp,1,sarcasm_headlines,,
this guy sunk a half-court shot without touching the ball,1,sarcasm_headlines,,
horse dies in freak highway accident,1,sarcasm_headlines,,
area man perfectly content with role as another cog in the wheel,0,sarcasm_headlines,,
"americans are embarrassed by farts, says least surprising poll ever",1,sarcasm_headlines,,
nursing home placement can be the most loving choice for a person with alzheimer's,1,sarcasm_headlines,,
attorney says mississippi cop strangled unarmed black man to death,1,sarcasm_headlines,,
a 'sea of black masks': prosecutors open felony trial of inauguration protesters,1,sarcasm_headlines,,
obama gathers world leaders to pledge billions in refugee aid,1,sarcasm_headlines,,
rebel grandma sneaks out of care home to get a tattoo,1,sarcasm_headlines,,
"tiny, risky, unlabeled and you're eating it",1,sarcasm_headlines,,
al jazeera america to shut down by end of april,1,sarcasm_headlines,,
olympic skier ashley caldwell's snooze button habit is so relatable,1,sarcasm_headlines,,
'one big happy' star kelly brook on the changing definition of family,1,sarcasm_headlines,,
6 content marketing strategies you probably aren't trying yet,1,sarcasm_headlines,,
chipotle is testing queso in hopes of turning business back around,1,sarcasm_headlines,,
huffpost rise: what you need to know on february 15,1,sarcasm_headlines,,
to vaccinate or not to vaccinate: why is that even a question?,1,sarcasm_headlines,,
"sorry baseball fans, but vin scully will miss the mlb postseason",1,sarcasm_headlines,,
man finally unpauses 'super mario bros.' after 18 years of chores,0,sarcasm_headlines,,
charter school advocates play the race card,1,sarcasm_headlines,,
jared kushner excited to finally visit white house after gaining security clearance,0,sarcasm_headlines,,
mizzou chancellor condemns 'verbal assault' by melissa click during homecoming parade,1,sarcasm_headlines,,
'greatest story ever told' has gimmicky deus ex machina ending,0,sarcasm_headlines,,
on losing my first friend,1,sarcasm_headlines,,
"albuquerque shooter on the loose; gunman leaves 1 dead, 3 injured",1,sarcasm_headlines,,
storm harvey could financially hurt already strained houston hospitals,1,sarcasm_headlines,,
obama predicts bright future for legal weed,1,sarcasm_headlines,,
friends and family rally around kim kardashian on her birthday,1,sarcasm_headlines,,
why is the naacp in bed with donald sterling?,1,sarcasm_headlines,,
misbuttoned coat makes perfectly sane woman look like raving lunatic,0,sarcasm_headlines,,
death penalty and redemption: thoughts on tsarnaev and american christianity,1,sarcasm_headlines,,
'baywatch' officially flops as 'pirates' comes in first at the box office,1,sarcasm_headlines,,
a visual history of 'the nutcracker' in 100 photos,1,sarcasm_headlines,,
rep. steve king tweets latina constituent: 'do you always lie in english?',1,sarcasm_headlines,,
ted cruz voices support for states' right to legalize marijuana,1,sarcasm_headlines,,
the science behind why celebrities like ryan lochte tell fibs,1,sarcasm_headlines,,
judge orders man accused of tweeting threats to never tweet,1,sarcasm_headlines,,
"'is it too late to audition?' asks perfect actor for role, poking head into room just as producers were giving up hope",0,sarcasm_headlines,,
dick cheney takes george h.w. bush criticisms as 'mark of pride',1,sarcasm_headlines,,
chris christie's professed priorities,1,sarcasm_headlines,,
soccer mom to suck off world's greatest dad,0,sarcasm_headlines,,
uh-oh: greece is probably going to miss its deal deadline,1,sarcasm_headlines,,
"run towards (not away from) trump's america: the problem is global, but the solution will be american",1,sarcasm_headlines,,
this is what happens to your skin during a chemical peel,1,sarcasm_headlines,,
getting your photography published 2.0,1,sarcasm_headlines,,
the feeling to ignore when you're on an emotional roller coaster,1,sarcasm_headlines,,
canon 5d mark iv dslr preview video,1,sarcasm_headlines,,
gunman in federal building shooting got 'raw deal': congressman,1,sarcasm_headlines,,
a tribute to alan rickman: reading between the black and white,1,sarcasm_headlines,,
the gop on immigration: life imitating satire -- and vice versa,1,sarcasm_headlines,,
new york police fatally shoot unarmed black man on brooklyn street,1,sarcasm_headlines,,
"hillary unleashes, while ivanka keeps quiet",1,sarcasm_headlines,,
what i learned talking to lgbt people about coming out in ireland,1,sarcasm_headlines,,
the crawleys are back: why the world loves downton abbey,1,sarcasm_headlines,,
the funniest tweets from parents this week,1,sarcasm_headlines,,
"over 50% of lgbtq youths struggle with eating disorders, survey finds",1,sarcasm_headlines,,
gay bishop announces divorce,1,sarcasm_headlines,,
paralympian made tv host who wears prosthetic leg 'proud to be disabled',1,sarcasm_headlines,,
"obama, biden endorse tammy duckworth for senate",1,sarcasm_headlines,,
watch a kebab shop owner stay super chill during an armed robbery,1,sarcasm_headlines,,
progressive groups want doug jones to throw caution to the wind,1,sarcasm_headlines,,
watch live: grammy award winner timbaland discusses memoir,1,sarcasm_headlines,,
climatologists say humanity's best hope is hurricanes spinning in different directions and canceling each other out,0,sarcasm_headlines,,
16-year-old sydney mclaughlin makes u.s. olympic team in 400 meter hurdles,1,sarcasm_headlines,,
the white house's security briefing to ahmed mohamed,1,sarcasm_headlines,,
hazmat worker sees no reason to throw away all this perfectly good food,0,sarcasm_headlines,,
albert pujols and the end to down syndrome bullying,1,sarcasm_headlines,,
the progressive 'legend of korra' finale made fans very happy,1,sarcasm_headlines,,
growing up black and gay in the south,1,sarcasm_headlines,,
hammering away at illegal immigration from central america,1,sarcasm_headlines,,
stolen moment of the week: brett davis and sally burtnick,1,sarcasm_headlines,,
10 american facts you can use to ruin any july 4 party,1,sarcasm_headlines,,
sports-related murder provides perfect local-news segue,0,sarcasm_headlines,,
theresa may's political future in danger after stunning election defeat,1,sarcasm_headlines,,
democratic ads highlight trump's horrible comments on women,1,sarcasm_headlines,,
"all-female skate crew challenges patriarchy, gentrification in nyc",1,sarcasm_headlines,,
misophonia: when sufferers are full of sound and fury,1,sarcasm_headlines,,
dog missing for almost a decade reunites with family in colorado,1,sarcasm_headlines,,
how can illinois trim its massive amount of local government bodies?,1,sarcasm_headlines,,
area man not exactly sure why doctor needed him undressed for that,0,sarcasm_headlines,,
huffpost pollster - polls and charts,1,sarcasm_headlines,,
"donald trump was about to make jerry falwell, jr. education secretary. let that sink in.",1,sarcasm_headlines,,
motivational psychology and leadership in higher education,1,sarcasm_headlines,,
prison teaches beekeeping to inmates and it's all the buzz,1,sarcasm_headlines,,
i've been called a lot of things... but isis?,1,sarcasm_headlines,,
"teen blinded in one eye, but 'lucky to be alive' after duct tape challenge",1,sarcasm_headlines,,
white house says it can't pardon steven avery of 'making a murderer',1,sarcasm_headlines,,
higher ed lobby quietly joins for-profit schools to roll back tighter rules,1,sarcasm_headlines,,
john kerry issues dire warning on israeli settlements ahead of pro-settlement donald trump entering office,1,sarcasm_headlines,,
gravedigger suspended after taking photo with dead man,1,sarcasm_headlines,,
restrictive north carolina voting law is dead after supreme court refuses to review it,1,sarcasm_headlines,,
trump administration repeatedly denied there was any contact with russia during campaign,1,sarcasm_headlines,,
trump super pac gets 12-year-old girl to interview roy moore,1,sarcasm_headlines,,
piers morgan bragged about how manly he is. it didn't go well.,1,sarcasm_headlines,,
17 sweet water toys and swim essentials,1,sarcasm_headlines,,
lebron james wears a safety pin on the cover of sports illustrated,1,sarcasm_headlines,,
how i got involved in campus safety as a student activist,1,sarcasm_headlines,,
ferguson lawmakers approve deal to curb abusive policing,1,sarcasm_headlines,,
oscars line up five non-white presenters,1,sarcasm_headlines,,
meditation in the menopause,1,sarcasm_headlines,,
"after backlash, fema once again has puerto rico power, water stats on main website",1,sarcasm_headlines,,
britain's labour party readies for potential leadership battle,1,sarcasm_headlines,,
firefighters save baby hamsters with teeny 'oxygen masks',1,sarcasm_headlines,,
the portland heroes who stood up to hate,1,sarcasm_headlines,,
stacy ruiz's gps guide for believing in yourself,1,sarcasm_headlines,,
"three months of fighting in libya's benghazi kills 600, say medics",1,sarcasm_headlines,,
apple co-founder steve wozniak ditches facebook after data scandal,1,sarcasm_headlines,,
my truth about being a black man and a black cop,1,sarcasm_headlines,,
white house official gives lip service to puerto rican debt relief but offers no new deal,1,sarcasm_headlines,,
el evo ya no es pueblo,1,sarcasm_headlines,,
dustin hoffman accusers speak out about alleged abuse in joint nbc interview,1,sarcasm_headlines,,
'black panther' hits $1 billion mark in worldwide box office numbers,1,sarcasm_headlines,,
drake throws money and angrily storms into club,1,sarcasm_headlines,,
restore your power through restorative sleep,1,sarcasm_headlines,,
is putting a plastic container in the microwave really that bad?,1,sarcasm_headlines,,
there really is an increased risk of heart attack over the holidays,1,sarcasm_headlines,,
donald trump taps tea party rep. mike pompeo to run the cia,1,sarcasm_headlines,,
still no drinking water in ohio's 4th largest city,1,sarcasm_headlines,,
how to make norwegian skillingsbolle (cinnamon buns),1,sarcasm_headlines,,
chartering the 90 miles: millennials in cuba and the u.s.,1,sarcasm_headlines,,
"burkina faso, french troops end deadly hotel siege claimed by al qaeda group",1,sarcasm_headlines,,
here's every easter egg you missed in 'guardians of the galaxy',1,sarcasm_headlines,,
advisors hopeful jeb bush finally has momentum to end campaign,0,sarcasm_headlines,,
another entry in the files of 'jennifer lopez is better at dubsmash than you',1,sarcasm_headlines,,
scientists finally prove what area dad has been saying for years,0,sarcasm_headlines,,
people cannot get over the way trump described frederick douglass,1,sarcasm_headlines,,
here are a bunch of people donald trump has criticized instead of neo-nazis,1,sarcasm_headlines,,
the final showdown on 'repeal and replace' obamacare: what to watch for this week,1,sarcasm_headlines,,
i cannot take gabrielle union's op-ed on nate parker lightly,1,sarcasm_headlines,,
hydraulic press proves that diamonds are sadly not forever,1,sarcasm_headlines,,
watch dirt bikers get a bit too close to nature,1,sarcasm_headlines,,
report: 80% of queen's 'greatest hits' cds lodged in center console of first car,0,sarcasm_headlines,,
the $25 skin cream our beauty editor loves,1,sarcasm_headlines,,
did trump intend to fire fbi director james comey all along?,1,sarcasm_headlines,,
"from atop the government, trump takes care of 'friends'",1,sarcasm_headlines,,
jazz drummer terri lyne carrington shares fond memories of her friend natalie cole,1,sarcasm_headlines,,
avoid these 5 common race day mistakes,1,sarcasm_headlines,,
the world's top 10 historic hotels,1,sarcasm_headlines,,
prison riot in mexico leaves 52 dead,1,sarcasm_headlines,,
sea lion rescued from santa barbara oil spill dies at seaworld,1,sarcasm_headlines,,
transgender youth are being failed by nearly all 50 states,1,sarcasm_headlines,,
why these men bucked tradition and wore an engagement ring,1,sarcasm_headlines,,
what's leaving netflix in may 2016?,1,sarcasm_headlines,,
want to sleep in 'the world's largest grave'? airbnb to the rescue,1,sarcasm_headlines,,
"report: trump bans 'transgender,' 'fetus,' 'science-based' from cdc documents",1,sarcasm_headlines,,
feeling overwhelmed by all the news this year? you're in the minority.,1,sarcasm_headlines,,
icymi: your brain on sleep and why people buy milk during blizzards,1,sarcasm_headlines,,
'straight outta compton' is a stunning surprise,1,sarcasm_headlines,,
joe biden won't rule out a future run for office,1,sarcasm_headlines,,
the intrinsic value of liberal education,1,sarcasm_headlines,,
15 popular travel destinations you should avoid in the summer,1,sarcasm_headlines,,
john carpenter tells off neo-nazi trolls who think 'they live' is about jewish supremacy,1,sarcasm_headlines,,
pope francis thinks you spend too much time on facebook,1,sarcasm_headlines,,
top 10 places spring is in bloom,1,sarcasm_headlines,,
the snowflake's guide to staying sane in the age of you know who,1,sarcasm_headlines,,
rupaul is getting a star on the walk of fame,1,sarcasm_headlines,,
"while you were asleep new year's day morning, muslims waged jihad on your streets",1,sarcasm_headlines,,
stop referring to fathers as babysitters,1,sarcasm_headlines,,
5-minute hairstyles -- for real!,1,sarcasm_headlines,,
lifetime releases the first trailer for toni braxton's 'unbreak my heart',1,sarcasm_headlines,,
'california country' singer turns ballad into heartbreaking plea for queer inclusion,1,sarcasm_headlines,,
jay pharoah spoofs usher with 'bad kisser',1,sarcasm_headlines,,
teen driver accused of livestreaming crash that killed younger sister,1,sarcasm_headlines,,
20 must have fashion items for every college girls wardrobe,1,sarcasm_headlines,,
my quest to become a queer crippled hero: how my origin story shaped who i am as a queer disabled man,1,sarcasm_headlines,,
a majority of americans disagree with donald trump's hard-line stances on climate change,1,sarcasm_headlines,,
conservatives to white working class: drop dead,1,sarcasm_headlines,,
guy in bear costume has no problem voting in russian election,1,sarcasm_headlines,,
here's how much the house has paid in recent sexual harassment settlements,1,sarcasm_headlines,,
hawaii becomes the 7th state to legalize medically assisted suicide,1,sarcasm_headlines,,
this 'star wars: the force awakens' visual effects reel is out-of-this-world amazing,1,sarcasm_headlines,,
sound designer hits celery with hammer in performance of oscars best sound mixing,0,sarcasm_headlines,,
10 communication secrets of great leaders,1,sarcasm_headlines,,
the beverly hills hotel and the dangers of keyboard activism,1,sarcasm_headlines,,
drunk ron weasley wishing harry potter 'happy birthday' is pure magic,1,sarcasm_headlines,,
"rachel mcadams and taylor kitsch might be dating, but who really knows?",1,sarcasm_headlines,,
firenze fireworks: easter explosions in florence,1,sarcasm_headlines,,
"charlize theron once invited president obama to a strip club, as one does",1,sarcasm_headlines,,
11 times the olsen twins dressed in a shambles and still looked better than you,1,sarcasm_headlines,,
cnn panel gets in tense battle over caitlyn jenner,1,sarcasm_headlines,,
navy hospital removes staffers for calling babies 'mini satans' on social media,1,sarcasm_headlines,,
"how to get kendall jenner's $8,000 outfit for under $200",1,sarcasm_headlines,,
9 signs you're winning at the grandparenting game,1,sarcasm_headlines,,
"this syrian family saved their critically ill son, but now they're trapped with the same illness",1,sarcasm_headlines,,
how isis uses wheat supplies to tighten its control in iraq,1,sarcasm_headlines,,
"this mattress with nearly 40,000 reviews is $200 off today only",1,sarcasm_headlines,,
mourners gather for funeral of supreme court justice antonin scalia,1,sarcasm_headlines,,
california moves to extend health insurance to undocumented immigrants,1,sarcasm_headlines,,
united nations panel assails trump's refusal to explicitly condemn neo-nazis,1,sarcasm_headlines,,
rex tillerson calls reports of his ouster 'laughable',1,sarcasm_headlines,,
turkey issues warning over travel to u.s. after trump protests,1,sarcasm_headlines,,
fourth graders suspended after plotting to kill teacher with hand sanitizer,1,sarcasm_headlines,,
hillary clinton vs. herself,1,sarcasm_headlines,,
makeup do's and i prefer you don'ts,1,sarcasm_headlines,,
it isn't easy being a 'humane' slaughterhouse,1,sarcasm_headlines,,
dad's eyes well up at sight of perfectly packed cooler,0,sarcasm_headlines,,
bill maher jokes about what donald trump will really be doing on his asia trip,1,sarcasm_headlines,,
the 1 good movie netflix adds this week,1,sarcasm_headlines,,
surf-rock legend dick dale plays through the pain at 78,1,sarcasm_headlines,,
'despacito' played on 2 calculators adds up to something special,1,sarcasm_headlines,,
"epa accidentally spills millions of gallons of waste, turning river orange",1,sarcasm_headlines,,
consumers turning to tabletop options in backlash against video games,1,sarcasm_headlines,,
"d'angelo russell's kobe impression was, uh, awkwardly accurate",1,sarcasm_headlines,,
the day she let her son wait in the car,1,sarcasm_headlines,,
grindr now offers reminders for users to get regular hiv tests,1,sarcasm_headlines,,
"nypd officer stripped of badge, gun after deadly road-rage shooting",1,sarcasm_headlines,,
brazil's senate votes to remove president dilma rousseff from office,1,sarcasm_headlines,,
listen to this 911 call and decide for yourself if turkeys have declared war,1,sarcasm_headlines,,
the ncaa will keep events out of north carolina unless hb2 is repealed,1,sarcasm_headlines,,
sure seems like frankie muniz wants a 'malcolm in the middle' reboot,1,sarcasm_headlines,,
"news roundup for july 12, 2017",1,sarcasm_headlines,,
michelle obama: my proudest achievement as first lady is my daughters,1,sarcasm_headlines,,
fcc votes to undo key roadblocks to media company consolidation,1,sarcasm_headlines,,
can spatial skills actually help your writing?,1,sarcasm_headlines,,
study determines whether family or friends are the key to long life,1,sarcasm_headlines,,
bill maher lets 'impish brit' milo yiannopoulos off easy,1,sarcasm_headlines,,
american public gets exactly what it deserves for 112th straight election,0,sarcasm_headlines,,
a blue fuzzy fighter stole the spotlight before mayweather-mcgregor fight,1,sarcasm_headlines,,
is the internet bad for religion?,1,sarcasm_headlines,,
7 essential rules for a long-lasting marriage,1,sarcasm_headlines,,
why trumpcare is giving senate republicans heartburn,1,sarcasm_headlines,,
trump to nominate nfl team owner as ambassador to britain,1,sarcasm_headlines,,
the freaky thing your brain can do while you're asleep,1,sarcasm_headlines,,
"global markets plunge on oil, china fears",1,sarcasm_headlines,,
5 missing after army helicopter downed near hawaii,1,sarcasm_headlines,,
epa chief scott pruitt avoids ordinary citizens on first trip to oil-rich north dakota,1,sarcasm_headlines,,
look: the ultimate tiny home is in a dumpster,1,sarcasm_headlines,,
sinclair takes a swipe at cnn with misleading 'fake news' video,1,sarcasm_headlines,,
"firefighters battle massive wildfires, smoky conditions in washington",1,sarcasm_headlines,,
meth production in illinois sees decrease after four-year increase,1,sarcasm_headlines,,
retirement savings actually fell over the past year,1,sarcasm_headlines,,
17 pieces of feminist jewelry that'll show you're a nasty woman,1,sarcasm_headlines,,
read live updates on irma,1,sarcasm_headlines,,
why you should say yes to that birthday invitation,1,sarcasm_headlines,,
finding the courage to confront depression,1,sarcasm_headlines,,
here is how senate republicans try to hide the damage of their repeal bill,1,sarcasm_headlines,,
michael brown audiotapes conclusively reveal exactly what you want them to,0,sarcasm_headlines,,
drunk driver falls asleep on busy highway: cops,1,sarcasm_headlines,,
"after dark: meet joey arias, drag icon and nightlife legend",1,sarcasm_headlines,,
best visual effects oscar introduced by highly acclaimed lens flare,0,sarcasm_headlines,,
9 fabulous gift ideas for older loved ones,1,sarcasm_headlines,,
middle-aged man having best snacks of his life,0,sarcasm_headlines,,
"clint dempsey talks world cup, jurgen klinsmann and the pressures facing team usa",1,sarcasm_headlines,,
amazing original thing to become hated cliché in 6 months,0,sarcasm_headlines,,
listen up! my favorite americana discoveries of 2014,1,sarcasm_headlines,,
"how to fall in love, again -- with your spouse",1,sarcasm_headlines,,
"science, evolution and our intimate parts",1,sarcasm_headlines,,
how the obama administration is making it harder to shed student debt,1,sarcasm_headlines,,
mark twain gave good advice about the dangers of good advice,1,sarcasm_headlines,,
are there really two sides when it comes to political violence in the u.s.?,1,sarcasm_headlines,,
"dear supreme court, our daughter is watching",1,sarcasm_headlines,,
amazon's m&a strategy evolves,1,sarcasm_headlines,,
florida atheist sets up anti-trump festivus pole at city's christmas display,1,sarcasm_headlines,,
cancer doesn't care how we vote,1,sarcasm_headlines,,
"with thousands of syrians trapped in raqqa, a single hospital remains",1,sarcasm_headlines,,
geologists uncover slab of amber containing perfectly preserved adam and eve,0,sarcasm_headlines,,
nbc obtains video claiming to show anti-isis raid that killed u.s. operative,1,sarcasm_headlines,,
rape victims in u.s. made to pay part of the medical bill,1,sarcasm_headlines,,
"reality, risk & reward: is us kids tv ripe for authenticity and autonomy?",1,sarcasm_headlines,,
jfk jr. announces plans to run for best-dressed man in '98,0,sarcasm_headlines,,
huffpost taste's instagram: what's new,1,sarcasm_headlines,,
there's way too much cuteness in this new dog-rating twitter feed,1,sarcasm_headlines,,
"malaysian airliner shot down, fedex charged over drug shipments (video)",1,sarcasm_headlines,,
man finally able to forgive self for terrible mistake he made 2 seconds ago,0,sarcasm_headlines,,
"mark hamill joins 'star wars' fans at disneyland, and they totally freak out",1,sarcasm_headlines,,
this election isn't about politics. it's about how america sees women.,1,sarcasm_headlines,,
"what people are buying on amazon this week, besides baby banana toothbrushes",1,sarcasm_headlines,,
drew brees' foot injury didn't happen overnight,1,sarcasm_headlines,,
"kim kardashian is back on the town, and her look is... interesting",1,sarcasm_headlines,,
kim cattrall's missing brother found dead at his home,1,sarcasm_headlines,,
brad pitt goes completely gray for new movie,1,sarcasm_headlines,,
jerry sandusky heads back to court to overturn child molestation conviction,1,sarcasm_headlines,,
why do weddings cost so much?,1,sarcasm_headlines,,
mark hamill shuts down trump's latest complaint with 3 blistering words,1,sarcasm_headlines,,
want to be a judge under trump? chief justice lays out what the job is like,1,sarcasm_headlines,,
the amazing things that happened when i started yoga at 85,1,sarcasm_headlines,,
"taco bell, where a 'lifetime of food' costs just $10,000",1,sarcasm_headlines,,
4 resolutions every runner should make,1,sarcasm_headlines,,
cherry blossoms transform iconic d.c. landmarks a week early,1,sarcasm_headlines,,
betsy devos richly deserved every boo she got,1,sarcasm_headlines,,
"lebron james' 2015 finals was legendary, but nothing compared to this",1,sarcasm_headlines,,
rapper french montana launches campaign to help dreamers go to college,1,sarcasm_headlines,,
how to future proof your workplace,1,sarcasm_headlines,,
parents respond to article that celebrates dads for one day of parenting,1,sarcasm_headlines,,
can the new sfmoma turn tech-bros into art patrons?,1,sarcasm_headlines,,
"heavy rains, flooding damage thousands of homes in the south",1,sarcasm_headlines,,
paul simon might be done with music,1,sarcasm_headlines,,
welcome to the age of context-driven sales and marketing,1,sarcasm_headlines,,
stylin' with pete king or how to dress for a world in crisis,1,sarcasm_headlines,,
so we might not be getting more prince music after all,1,sarcasm_headlines,,
the trap of islam's eternal conflict,1,sarcasm_headlines,,
seth meyers shreds gop hypocrisy over donald trump's attacks on amazon,1,sarcasm_headlines,,
the best dive bars to spend st. patrick's day,1,sarcasm_headlines,,
ice cube takes down donald trump in 1 devastating tweet,1,sarcasm_headlines,,
all black athletes should be sitting for the national anthem,1,sarcasm_headlines,,
4 salads that will make you crave kale,1,sarcasm_headlines,,
photos appear to show richard dreyfuss groping fans backstage,1,sarcasm_headlines,,
top north korean aide in charge of negotiating with south korea dies,1,sarcasm_headlines,,
10 secrets of irresistible people,1,sarcasm_headlines,,
donald trump appoints rick santorum to catholic advisory committee,1,sarcasm_headlines,,
ivanka on roy moore: 'there's a special place in hell' for child abusers,1,sarcasm_headlines,,
"new toothbrush slightly different from already existing, perfectly good toothbrushes",0,sarcasm_headlines,,
celebrities mourn george michael after news of his death,1,sarcasm_headlines,,
exxon mobil told to hand over decades of climate documents in major legal blow,1,sarcasm_headlines,,
open letter to pope francis: help save my vocation,1,sarcasm_headlines,,
syrian families living outside turkish refugee camps face tough conditions,1,sarcasm_headlines,,
the magic of today's new unicorn leader,1,sarcasm_headlines,,
schools enact positive change with drama therapy,1,sarcasm_headlines,,
"is the southern baptist church having an identity crisis, or am i?",1,sarcasm_headlines,,
the big issue apple needs to address,1,sarcasm_headlines,,
comey bolsters case for obstruction of justice by trump,1,sarcasm_headlines,,
nation's sanitation workers announce everything finally clean,0,sarcasm_headlines,,
consumer beware in biomedical research and women's health,1,sarcasm_headlines,,
olivia munn and aaron rodgers prove they're huge 'star wars' nerds,1,sarcasm_headlines,,
boehner opens door to suing obama over iran deal,1,sarcasm_headlines,,
eddie vedder finally goes away,0,sarcasm_headlines,,
the 'tomb raider' trailer is here and we already miss angelina jolie,1,sarcasm_headlines,,
these 13 celebs recite 'hotline bling' almost as well as drake,1,sarcasm_headlines,,
jared kushner relieved he can finally stop anonymously buying all items ever sold from wife's clothing line,0,sarcasm_headlines,,
"please god, not robin williams...",1,sarcasm_headlines,,
zoomed out: an #alohahuffpost roundup,1,sarcasm_headlines,,
weather channel destroys breitbart over bs climate change story,1,sarcasm_headlines,,
beyoncé's mom was afraid white people wouldn't 'get' coachella performance,1,sarcasm_headlines,,
breathe: raising the voice of justice,1,sarcasm_headlines,,
the corruption beneath cuomo's casino push,1,sarcasm_headlines,,
tampons and death threats: tackling transphobia and the period taboo,1,sarcasm_headlines,,
17-year-old snowboarder wins united states' first gold medal in pyeongchang,1,sarcasm_headlines,,
carl paladino's racist remarks could be the final straw for his hometown,1,sarcasm_headlines,,
vladimir putin suggests american hackers framed russia,1,sarcasm_headlines,,
dining out in dallas by john mariani,1,sarcasm_headlines,,
fox news stars at the gop convention really don't want to talk about roger ailes,1,sarcasm_headlines,,
here are the candidates voters think can actually win in november,1,sarcasm_headlines,,
woman plunges 6 feet down open new jersey cellar,1,sarcasm_headlines,,
donald trump uses fbi email announcement to attack hillary clinton in new ad,1,sarcasm_headlines,,
'apex legends' players finally getting good enough to make game impossible for average people to enjoy,0,sarcasm_headlines,,
what it's really like to have a miscarriage,1,sarcasm_headlines,,
don't passively online shame hurricane irma residents,1,sarcasm_headlines,,
how to write a thank you that gets you hired,1,sarcasm_headlines,,
speak up and give back if you want the economy to improve,1,sarcasm_headlines,,
the groundbreaking queer comedy series 'take my wife' is back,1,sarcasm_headlines,,
the one company elon musk wants to keep independent,1,sarcasm_headlines,,
banjo-wielding matt damon makes last-minute bid for best original song,0,sarcasm_headlines,,
nation longing for simpler time of knowing exactly who they wanted to kill and why,0,sarcasm_headlines,,
"blissed-out, hemp-wearing sean spicer assures reince priebus this the best thing that ever happened to him",0,sarcasm_headlines,,
huffpost hill - 'rand paul tongue guy' now a thing,1,sarcasm_headlines,,
how your credit card limit affects your ability to get a job,1,sarcasm_headlines,,
i wrote speeches for vice president biden. here's what it felt like.,1,sarcasm_headlines,,
fabled lost city of gold finally discovered off i-95 outside baltimore,0,sarcasm_headlines,,
is this black parenting magazine racist?,1,sarcasm_headlines,,
behind the scenes of an intricate fbi sting,1,sarcasm_headlines,,
inside the making of 'serial',1,sarcasm_headlines,,
taylor swift threw lorde a celeb-filled birthday party fit for royals,1,sarcasm_headlines,,
amazing 'human fly' lives off diet of garbage,0,sarcasm_headlines,,
my 8 favorite beauty products,1,sarcasm_headlines,,
what happened when my daughter asked for a bra,1,sarcasm_headlines,,
these 7 questions could determine whether your marriage will last or fail,1,sarcasm_headlines,,
perfect attendance credited to abusive household,0,sarcasm_headlines,,
check it out: giant pumpkin outweighs smart car,1,sarcasm_headlines,,
"dutch heath authorities to kill 8,000 ducks to prevent bird flu",1,sarcasm_headlines,,
grassroots activists are leading the way on the addiction crisis,1,sarcasm_headlines,,
trump's immigration proposals would change the identity of america,1,sarcasm_headlines,,
watch a young ryan gosling's mesmerizing dance moves,1,sarcasm_headlines,,
steve bannon suggests donald trump met with russians after don jr. did,1,sarcasm_headlines,,
secret australian government documents found in cabinets from secondhand store,1,sarcasm_headlines,,
nasa reveals plans for new rover,1,sarcasm_headlines,,
the transformation of justin bieber from a white youth to a black man,1,sarcasm_headlines,,
iran vows 'firm response' unless obama stops sanctions renewal,1,sarcasm_headlines,,
"widower strikes gold while gardening, finds missing wedding ring",1,sarcasm_headlines,,
"study finds placing one foot forward, then the other, remains best method of walking",0,sarcasm_headlines,,
12 baby names inspired by black stars who are making history,1,sarcasm_headlines,,
trump picks nikki haley for un ambassador,1,sarcasm_headlines,,
mccain: botched execution amounts to 'torture',1,sarcasm_headlines,,
this video of kourtney kardashian eating a kit kat bar is celeb culture run amok,1,sarcasm_headlines,,
these astronauts hugged it out in response to reporter's question about political tension,1,sarcasm_headlines,,
two very different closets: my life as the gay daughter of a u.s. spy,1,sarcasm_headlines,,
iranian president rouhani jabs hardliners in remarks about protests,1,sarcasm_headlines,,
actor nils hognestad performs in front of a live audience on some assembly required,1,sarcasm_headlines,,
"margaret atwood's advice for young feminists: 'be informed, be aware'",1,sarcasm_headlines,,
former senator to run pot company,1,sarcasm_headlines,,
desperate snl releases 'best of melanie hutsell' dvd,0,sarcasm_headlines,,
"move over 'hamilton,' d.c. just debuted 'trump'",1,sarcasm_headlines,,
"most of the world thinks trump is an arrogant, intolerant, dangerous leader",1,sarcasm_headlines,,
sh*t talk: everything you need to know about pooping at the office,1,sarcasm_headlines,,
12 history-making transgender politicians from around the world,1,sarcasm_headlines,,
spain's harsh crackdown draws worldwide attention to catalonia,1,sarcasm_headlines,,
banning one racist fan doesn't fix red sox racism,1,sarcasm_headlines,,
immigration legislation is dead -- now what?,1,sarcasm_headlines,,
jennifer lopez's new video is a sad premonition of the future of feminism,1,sarcasm_headlines,,
train crash in pakistan kills at least four and injures dozens,1,sarcasm_headlines,,
"justin trudeau continues to melt hearts, teaching son how to make s'mores",1,sarcasm_headlines,,
mike boggs' record catches up to him,1,sarcasm_headlines,,
newt gingrich defends donald trump by accusing megyn kelly of being obsessed with sex,1,sarcasm_headlines,,
tom price says insurers should 'dust off how they did business before obamacare',1,sarcasm_headlines,,
kesha emotionally admits new album is 'quite literally saving my life',1,sarcasm_headlines,,
dustin lance black calls 'bullsh*t' on hollywood's view of trans actors,1,sarcasm_headlines,,
"jon hendricks, legendary jazz and vocalese singer, dies at 96",1,sarcasm_headlines,,
a conversation with pavel durov,1,sarcasm_headlines,,
"yes, baby boomers, 2016 did have 7 bright spots",1,sarcasm_headlines,,
8 things the gop debate got wrong about abortion and planned parenthood,1,sarcasm_headlines,,
let's make tax reform a win for all,1,sarcasm_headlines,,
trump says he thought being president would be easier than his old life,1,sarcasm_headlines,,
jane seymour's secrets to feeling young after 50,1,sarcasm_headlines,,
drake hasn't even opened his restaurant and already threw a party there,1,sarcasm_headlines,,
jon huntsman accepts post as ambassador to russia,1,sarcasm_headlines,,
brock turner's mugshot is featured in a criminal justice textbook,1,sarcasm_headlines,,
donors giving to orlando victims' fund at a record rate,1,sarcasm_headlines,,
"news roundup for september 22, 2017",1,sarcasm_headlines,,
how meeting susan anspach completed the circle,1,sarcasm_headlines,,
boston must mull renaming iconic building to give civic dignity to blacks,1,sarcasm_headlines,,
caitlyn jenner isn't threatening your womanhood,1,sarcasm_headlines,,
why congress should 'fix nics' and reject the nra's so-called concealed carry 'reciprocity' bill,1,sarcasm_headlines,,
here's yet another way to get paid to travel this summer,1,sarcasm_headlines,,
not forgotten: the health and rights of rohingya women and girls,1,sarcasm_headlines,,
bayer offers to buy monsanto for $62 billion,1,sarcasm_headlines,,
the global empowerment of the next generation,1,sarcasm_headlines,,
the 7-year-old actress in 'the florida project' gives the year's best screen performance,1,sarcasm_headlines,,
jared kushner went to iraq and couldn't have looked more out of place,1,sarcasm_headlines,,
"nope, christian bale is not playing batman in 'batman v superman'",1,sarcasm_headlines,,
theater: nph is... wait for it... epic in 'hedwig;' daniel radcliffe is impressive in 'cripple;' 'the great immensity' isn't,1,sarcasm_headlines,,
man just wants one trip to laundromat where he doesn't meet perfect woman,0,sarcasm_headlines,,
huffpost hill - so hard to say good bayh,1,sarcasm_headlines,,
notes on a midwestern childhood as ferguson waits,1,sarcasm_headlines,,
8 crazy things that happen to your body when you have tons of sex,1,sarcasm_headlines,,
rebel wilson feels 'really lucky' to have her body type,1,sarcasm_headlines,,
satirical video highlights how white and male dominated hollywood truly is,1,sarcasm_headlines,,
man who enjoys popular rock songs discovers perfect radio station,0,sarcasm_headlines,,
house republicans vote to penalize local law enforcement over immigration policies,1,sarcasm_headlines,,
katsuya brentwood and beyond,1,sarcasm_headlines,,
sunday meal prep: the healthy recipes that'll make this week easier,1,sarcasm_headlines,,
18 things that whisk us back to the summers of our youth,1,sarcasm_headlines,,
"mother's day dinner: 10 easy, elegant recipes to wow mom",1,sarcasm_headlines,,
taylor hatala and larsen thompson 'run the world' with killer new dance routine,1,sarcasm_headlines,,
you may be funding the gun lobby without even knowing it,1,sarcasm_headlines,,
the health care fight is driving more democrats to run for office,1,sarcasm_headlines,,
"like, share and, now, shop on facebook",1,sarcasm_headlines,,
afghan boy who made a lionel messi jersey from a plastic bag finally meets his hero,1,sarcasm_headlines,,
women who love donald trump say he gets a bad rap from the media,1,sarcasm_headlines,,
an open letter to the republican leadership,1,sarcasm_headlines,,
9 excellent reads for labor day weekend,1,sarcasm_headlines,,
my niece has cancer and i'm ticked about it,1,sarcasm_headlines,,
sign of the times: local governments cross the line with signage restrictions,1,sarcasm_headlines,,
red chair wedding: 'the voice' bloodbath semifinals results,1,sarcasm_headlines,,
bejewel your cat's butt with twinkle tush,1,sarcasm_headlines,,
home invasion prompts neighbors to invest in security,1,sarcasm_headlines,,
"'no blue, no green' -- new sylvia earle film shows power of protecting our oceans",1,sarcasm_headlines,,
40 years on the fence,1,sarcasm_headlines,,
black women are the embodiment of black glory,1,sarcasm_headlines,,
"'i used food to make myself feel better, but i felt worse when i ate'",1,sarcasm_headlines,,
the catalan independence movement just scored a huge victory,1,sarcasm_headlines,,
nancy pelosi suggests donald trump get his mental health checked,1,sarcasm_headlines,,
an open letter to president trump on anti-semitism,1,sarcasm_headlines,,
what is a reverse mortgage?,1,sarcasm_headlines,,
how 3 badass women stopped an alleged rape attempt,1,sarcasm_headlines,,
monday's morning email: former u.s. attorney says trump fired him after missed call,1,sarcasm_headlines,,
baby goes all homer simpson while tasting bacon for the first time,1,sarcasm_headlines,,
twitter users taunt rudy giuliani over new role on trump legal team,1,sarcasm_headlines,,
selfie-hating photobomber gets treated to epic photoshop battle,1,sarcasm_headlines,,
'harlem shake' creators threaten legal action against fcc chairman ajit pai,1,sarcasm_headlines,,
lin-manuel miranda is raffling a 'hamilton' date to raise money for immigrants,1,sarcasm_headlines,,
these vertigo-inducing photographs will take your breath away,1,sarcasm_headlines,,
site 'liar liar trump on fire' gets creative with fact-checking the republican nominee,1,sarcasm_headlines,,
male writer outs female writer who wanted anonymity,1,sarcasm_headlines,,
the scientology-approved version of 'going clear' is a bit... different,1,sarcasm_headlines,,
nigeria's vote could mark turning point in country's history,1,sarcasm_headlines,,
what's it like being blind and gay? (video),1,sarcasm_headlines,,
everything you need to know about food and happiness,1,sarcasm_headlines,,
nikki haley called out for hypocrisy after refusing to house guantanamo detainees,1,sarcasm_headlines,,
volkswagen looks to settle criminal probe with fines up to $1.2 billion,1,sarcasm_headlines,,
grandparents' super sweet birthday serenade will make you tear up,1,sarcasm_headlines,,
psychologists push for smartphone warning labels,1,sarcasm_headlines,,
rare pokemon sparks massive stampede in taiwan,1,sarcasm_headlines,,
'quantico' star's ode to fried chicken will brighten your day,1,sarcasm_headlines,,
earth orbit: getting crowded... much faster,1,sarcasm_headlines,,
don't forget this when you feel overwhelmed,1,sarcasm_headlines,,
mariah carey rings in 2017 with painful lip sync fail on live tv,1,sarcasm_headlines,,
"if you don't think paul manafort can get trump elected, you don't know paul manafort",1,sarcasm_headlines,,
area man knows exactly which relatives would be problem if he ever came into money,0,sarcasm_headlines,,
bryan bishop talks outvets in boston's st. patrick's day parade and more (audio),1,sarcasm_headlines,,
"oregon lawmaker groped women at state capitol, report finds",1,sarcasm_headlines,,
"planned parenthood offers virtual visits, will deliver birth control to your door",1,sarcasm_headlines,,
ex-cop to stand trial in dashcam beating of unarmed motorist,1,sarcasm_headlines,,
is it just me or have kids become extra suave recently?,1,sarcasm_headlines,,
patton oswalt brings late wife's newly published book to her grave,1,sarcasm_headlines,,
"at philly's independence mall, pope francis offers his definition of religious freedom",1,sarcasm_headlines,,
11 ways to feel beautiful that will cost absolutely nothing,1,sarcasm_headlines,,
here's a delightfully awkward video about spending valentine's day alone,1,sarcasm_headlines,,
beloved mcdonald's fry cook honored with huge retirement party,1,sarcasm_headlines,,
the 10 best cities to throw a pool party,1,sarcasm_headlines,,
trump's daca decision turns its back on our nation's principles,1,sarcasm_headlines,,
"meet the girl reshaping little league, one 70 mph fastball at a time",1,sarcasm_headlines,,
9 stereotypes about sex work that have to stop,1,sarcasm_headlines,,
"the oldest of the old are actually fine with dying, study finds",1,sarcasm_headlines,,
'stranger things' season 2 trailer is an eleven out of ten,1,sarcasm_headlines,,
vlogger shamed in walmart fitting room because she might 'stretch' clothes,1,sarcasm_headlines,,
"the legend of goddess bunny, hollywood's forgotten, disabled, trans art star",1,sarcasm_headlines,,
lessons from losing a friend,1,sarcasm_headlines,,
truthful tuesday: the forgetful edition,1,sarcasm_headlines,,
"gold star family promised $25,000 by trump finally receives check in the mail",1,sarcasm_headlines,,
the best taxi and ride-hailing apps around the world,1,sarcasm_headlines,,
the bhikkunis: exploring the history of female monks in thailand,1,sarcasm_headlines,,
adorable cotton candy girl is the hero we all need right now,1,sarcasm_headlines,,
a lancet breakthrough: publishing about faith and health,1,sarcasm_headlines,,
russell simmons denies rape accusations with #notme,1,sarcasm_headlines,,
"so, tyler, the creator recorded bill nye's new theme song",1,sarcasm_headlines,,
netanyahu's legacy: a fractured israel and a divided america,1,sarcasm_headlines,,
"i'm all in for hillary clinton, my next president",1,sarcasm_headlines,,
christmas eve shooting kills 1 at louisiana mall,1,sarcasm_headlines,,
watch live: jen kirkman discusses her new book 'i know what i'm doing and other lies i tell myself',1,sarcasm_headlines,,
is justin bieber mocking kourtney kardashian's ex scott disick on instagram?,1,sarcasm_headlines,,
more than 50 tech companies take on trump's new travel ban,1,sarcasm_headlines,,
traveling in britain during a transit strike? log on to twitter.,1,sarcasm_headlines,,
i'm young and healthy: why do i need an advance health care directive?,1,sarcasm_headlines,,
u.s. state department: global terrorist attacks down 13 percent in 2015,1,sarcasm_headlines,,
bernie sanders has no time for chris cuomo asking about the 2020 election,1,sarcasm_headlines,,
joe scarborough says trump made rob porter 'the victim' in domestic abuse allegations,1,sarcasm_headlines,,
dog experiences best day of his life for 400th consecutive day,0,sarcasm_headlines,,
welcome to a new era of activism,1,sarcasm_headlines,,
video proves there are no 'routine' traffic stops for black people,1,sarcasm_headlines,,
"trump's army secretary pick is victim of 'gay gestapo,' right wing activists claim",1,sarcasm_headlines,,
fired u.s. attorney preet bharara said to have been investigating hhs secretary tom price,1,sarcasm_headlines,,
how do conservatives ignore trump's behavior?,1,sarcasm_headlines,,
top 10 reasons i'm glad i grew up without facebook,1,sarcasm_headlines,,
uber escalates war with regulators over self-driving cars,1,sarcasm_headlines,,
david blaine's attempt to catch a bullet in his mouth went painfully wrong,1,sarcasm_headlines,,
"'i am penguin, hear me squeak!' a bird speaks out from inside seaworld's 'antarctica'",1,sarcasm_headlines,,
"while most small towns languish, some flourish",1,sarcasm_headlines,,
why sex that's consensual can still be bad. and why we're not talking about it.,1,sarcasm_headlines,,
young frenchman identified as possible bomber in attack on bataclan concert hall,1,sarcasm_headlines,,
too big to eat,1,sarcasm_headlines,,
marriage confession: our 50 shades are more frayed than grey,1,sarcasm_headlines,,
how nick jonas' 'queer baiting' is really paying off,1,sarcasm_headlines,,
college costs are america's cruel graduation gift,1,sarcasm_headlines,,
andrew lincoln and his cue cards are back in 'love actually' reunion teaser,1,sarcasm_headlines,,
rubio's mysterious credit card data revealed,1,sarcasm_headlines,,
adam rippon is allowing america to love a (really) gay athlete,1,sarcasm_headlines,,
"a toe in the arctic ocean: canada's northwest territories on the looney front, part 2",1,sarcasm_headlines,,
man running toward departing train must have finally realized he loves her,0,sarcasm_headlines,,
"our smog standards are in jeopardy under trump, and we need to fight back",1,sarcasm_headlines,,
indiana jones leads cops on 100 mph chase,1,sarcasm_headlines,,
kickstarter aims to give book on black boy joy to public schools,1,sarcasm_headlines,,
road rage video shows driver crushing veteran's motorcycle with his car,1,sarcasm_headlines,,
the warwick rowers' calendar apparently deemed 'gay propaganda' in russia,1,sarcasm_headlines,,
10 days that shook the regressive world,1,sarcasm_headlines,,
the kind of risks that are really worth taking,1,sarcasm_headlines,,
"welcome to myanmar's (empty) capital city, president obama!",1,sarcasm_headlines,,
shaun white called out by accuser's lawyer for minimizing sexual harassment,1,sarcasm_headlines,,
trump's whole approach to health care boiled down to one tweet,1,sarcasm_headlines,,
what brexit can mean for travelers in the near future,1,sarcasm_headlines,,
how far will an uber driver go to get five stars from you?,1,sarcasm_headlines,,
watch live: cast of 'girls' dishes about new season,1,sarcasm_headlines,,
man regrets wasting money on college after failing to secure perfect dream life by 24,0,sarcasm_headlines,,
1-800-eat-shit finally publishes decades of reckless-driving data,0,sarcasm_headlines,,
things my dad never did,1,sarcasm_headlines,,
family of congressman glad he finally found outlet for his racism,0,sarcasm_headlines,,
perfect gentleman does not assault drunk woman,0,sarcasm_headlines,,
why being killed by a lightsaber would be so much worse in real life,1,sarcasm_headlines,,
john legend sends personal message to manchester victim's family,1,sarcasm_headlines,,
nicky romero's ultra evolution,1,sarcasm_headlines,,
what should i do if an employee is a liar?,1,sarcasm_headlines,,
12 ways to make your divorce as expensive as possible,1,sarcasm_headlines,,
extensive coral reef found hidden at the mouth of the amazon river,1,sarcasm_headlines,,
5 ways to get more out of your classes this fall,1,sarcasm_headlines,,
why stakes is too high to bother with white tears,1,sarcasm_headlines,,
dvd player in tesla raises questions in autopilot death,1,sarcasm_headlines,,
democrats agree to reopen government without protections for dreamers,1,sarcasm_headlines,,
"the first trailer for 'snowden,' starring joseph gordon-levitt, is practically a résumé",1,sarcasm_headlines,,
kim kardashian just wore her most confusing look yet,1,sarcasm_headlines,,
study proves exactly how gross bathroom hand dryers really are,1,sarcasm_headlines,,
"5 tv episodes that celebrate hanukkah, too",1,sarcasm_headlines,,
reddit bans page hosting celebrity nudes,1,sarcasm_headlines,,
malaysia arrests north korean man as row over kim jong nam's death escalates,1,sarcasm_headlines,,
"best, most original idea man's ever had returns 114,000 google search results",0,sarcasm_headlines,,
"australian lawmaker shoots opponents in campaign ad, draws ire after orlando",1,sarcasm_headlines,,
marilyn monroe's jfk birthday dress sells for an unbelievable sum,1,sarcasm_headlines,,
man reserving judgment on best actress nominees until looking at all 5 pictures,0,sarcasm_headlines,,
it's time for congress to join the fight against food waste,1,sarcasm_headlines,,
photos capturing string instrument movements are so stunning they look photoshopped,1,sarcasm_headlines,,
try to keep calm but k-pop band bts is getting a documentary series,1,sarcasm_headlines,,
lionel richie explains why he decided to adopt his daughter nicole,1,sarcasm_headlines,,
"u.s. swimmers should be charged for false testimony, vandalism: brazil police",1,sarcasm_headlines,,
"new study finds staring out from balcony with best friends strongest indicator that this your city, your time",0,sarcasm_headlines,,
can you spot what's wrong with the memphis grizzlies' valentine's day graphic?,1,sarcasm_headlines,,
woman finds imperfect mate at outlet mall,0,sarcasm_headlines,,
donald trump's ignorance extends to foreign affairs. that's a big problem.,1,sarcasm_headlines,,
"the u.s. under-invests in energy innovation, asserts former energy secretary ernest moniz",1,sarcasm_headlines,,
five lessons of being a multi-millionaire,1,sarcasm_headlines,,
embracing change in an uncertain climate,1,sarcasm_headlines,,
'game of thrones' fans excited to hear series will finally be over,0,sarcasm_headlines,,
this guy's rendition of adele's 'hello' is why the internet was created,1,sarcasm_headlines,,
donald trump triumphs in liberal vermont,1,sarcasm_headlines,,
area man urinating like it's the best thing ever to happen to him,0,sarcasm_headlines,,
last words: kimora blac reflects on her time on 'rupaul's drag race',1,sarcasm_headlines,,
denver mayor's son caught on tape berating cop as a 'faggot',1,sarcasm_headlines,,
florida sheriff rebukes nra spokeswoman who claims she's 'fighting' for shooting survivors,1,sarcasm_headlines,,
"the intersection of race, class and the constitution: kalief browder",1,sarcasm_headlines,,
the way you remember winters of yore is probably wrong,1,sarcasm_headlines,,
fda: juicy green apple conditioner best used with juicy green apple shampoo,0,sarcasm_headlines,,
bone broth: more important than a passing trend,1,sarcasm_headlines,,
shelter dog eating own shit not exactly doing itself any favors,0,sarcasm_headlines,,
10 of the best cyber monday tv deals you'll actually want to shop,1,sarcasm_headlines,,
former playboy model accuses oliver stone of groping her breast,1,sarcasm_headlines,,
judge agrees to hear resentencing motion in gay-bashing case,1,sarcasm_headlines,,
10 of the best beauty buys from sephora's vib spring sale,1,sarcasm_headlines,,
donald trump jr. just shared the weirdest picture of his dad,1,sarcasm_headlines,,
mass graves suggest systematic killing of rohingya in myanmar,1,sarcasm_headlines,,
psychiatrists call for special clinics to prescribe ketamine as anti-depressant,1,sarcasm_headlines,,
reflections of an alzheimer's spouse: anger,1,sarcasm_headlines,,
cambridge analytica founder once compared trump to hitler,1,sarcasm_headlines,,
house gop announces lawyer for obama lawsuit,1,sarcasm_headlines,,
north korea botches missile launch on founder's birthday,1,sarcasm_headlines,,
the smart way to sell your clothes on ebay,1,sarcasm_headlines,,
"immigrant detainees may be dying because of inadequate care, doctors say",1,sarcasm_headlines,,
south korea on heightened alert as north readies for army celebration,1,sarcasm_headlines,,
hilarious video shows 'how to bake easter cookies like a toddler',1,sarcasm_headlines,,
irish nun shows off silky soccer skills in heavenly kickabout with cop,1,sarcasm_headlines,,
let the children speak,1,sarcasm_headlines,,
3 proven ways for female entrepreneurs to turn a good idea into a good income,1,sarcasm_headlines,,
london replica goes up in flames on great fire's 350th anniversary,1,sarcasm_headlines,,
the funniest tweets from women this week,1,sarcasm_headlines,,
ryan lochte apologizes for behavior in rio,1,sarcasm_headlines,,
"women walk 100 miles to see pope francis, plead for immigration reform",1,sarcasm_headlines,,
study finds women who want abortions are often given misleading information,1,sarcasm_headlines,,
what german cities have learned from the front lines of the refugee response,1,sarcasm_headlines,,
physics teacher's car accident would've made perfect example for class,0,sarcasm_headlines,,
ex-new orleans cops plead guilty in post-katrina killings,1,sarcasm_headlines,,
"crayola unveils true-blue crayon, and you get the chance to name it",1,sarcasm_headlines,,
in defense of matt harvey,1,sarcasm_headlines,,
women's group uses drones to deliver abortion pills,1,sarcasm_headlines,,
rihanna's low-cut red gown is a wardrobe malfunction waiting to happen,1,sarcasm_headlines,,
woman feels like she's finally ready to start receiving unsolicited vulgar messages again,0,sarcasm_headlines,,
"burglary suspect falls through restaurant ceiling, ruins dinner",1,sarcasm_headlines,,
james blake says cop who slammed him 'doesn't deserve' to have badge,1,sarcasm_headlines,,
passenger ruins perfectly good windshield by flying through it,0,sarcasm_headlines,,
new video game technology finally allows rendering of smaller breasts,0,sarcasm_headlines,,
love your skin in your 50s and beyond,1,sarcasm_headlines,,
buick regal named best vehicle in class for idling outside off-track betting parlor,0,sarcasm_headlines,,
"'guitar hero' had a baby with your keyboard, and it's great",1,sarcasm_headlines,,
when is a religion 'extremist'?,1,sarcasm_headlines,,
brazil cities paralyzed by nationwide strike against austerity,1,sarcasm_headlines,,
justin trudeau is king of the political sock game no more,1,sarcasm_headlines,,
this timeout video is toddler angst at its finest,1,sarcasm_headlines,,
trump shifts to infrastructure as james comey prepares to testify,1,sarcasm_headlines,,
3 things you should always do before showering,1,sarcasm_headlines,,
top 5 bagel spots in nyc,1,sarcasm_headlines,,
"obama: families of gun violence victims don't care about politics, just change",1,sarcasm_headlines,,
saving the world's last 3 northern white rhino,1,sarcasm_headlines,,
older voters are suffering the greatest election stress. here's why.,1,sarcasm_headlines,,
why shrimp scampi has been on america's mind all week,1,sarcasm_headlines,,
police finally make breakthrough in decades-old marijuana possession cold case,0,sarcasm_headlines,,
disturbing fast food truth not exactly a game-changer for impoverished single mom of 3,0,sarcasm_headlines,,
let's change the conversation from climate change to 'shared benefits',1,sarcasm_headlines,,
states' rights rancher ryan bundy to run for nevada governor,1,sarcasm_headlines,,
what does it mean when we call women girls?,1,sarcasm_headlines,,
behold the first 'historically accurate' portrait of mr. darcy,1,sarcasm_headlines,,
what this ceo did proves that introverts make great leaders,1,sarcasm_headlines,,
cops accused of racism after detaining black man over 'vegetation',1,sarcasm_headlines,,
actors who have dated multiple costars,1,sarcasm_headlines,,
why drunk in love only works for beyonce and how it may be getting you in trouble,1,sarcasm_headlines,,
inside the senate's bipartisan move to gut post-crisis banking regulations,1,sarcasm_headlines,,
measles cases could triple even with just a small decline in vaccinations,1,sarcasm_headlines,,
why a bipartisan health care bill might make sense -- for republicans,1,sarcasm_headlines,,
philip morris says it's 'trying to give up cigarettes' in 2018,1,sarcasm_headlines,,
leaked powerpoint reveals the gas industry's playbook for waging pipeline fights,1,sarcasm_headlines,,
no one is talking about this terrible outcome of the gop health plan,1,sarcasm_headlines,,
the world bank's role in a bloody land war,1,sarcasm_headlines,,
donald trump's pre-super bowl interview ratings dismal compared to obama's. sad!,1,sarcasm_headlines,,
23 texts that sound sexy once you become a parent,1,sarcasm_headlines,,
intuition or ego? 3 simple steps to reach truth,1,sarcasm_headlines,,
does the internet really make bullying worse?,1,sarcasm_headlines,,
entitled deadbeat finally breaks out of 20-year cycle of government dependency,0,sarcasm_headlines,,
here is what no one says out loud about raising a 13-year-old son with autism,1,sarcasm_headlines,,
the internet is having a field day comparing justin bieber and orlando bloom's nude pics,1,sarcasm_headlines,,
rory feek says watching his daughter grow up better than a grammy win,1,sarcasm_headlines,,
tammy baldwin on rumors of anti-lgbtq executive order: where's ivanka now?,1,sarcasm_headlines,,
watch live: music producer jermaine dupri talks new show,1,sarcasm_headlines,,
"a celebrity's outlandish interior design request, from mark cutler (video)",1,sarcasm_headlines,,
"men break down watching footage of female genital mutilation, vow to speak out against practice",1,sarcasm_headlines,,
exhausted olympian finally decides to rent pyeongchang hotel room instead of flying home to america each night,0,sarcasm_headlines,,
first nighter: choreographer christopher wheeldon sparks the gershwins' 'an american in paris',1,sarcasm_headlines,,
tv agent olivia metzger is parting ways with the creative artists agency,1,sarcasm_headlines,,
potential trump attorney general created a muslim registry during the bush administration,1,sarcasm_headlines,,
the secret to the best barbecue,1,sarcasm_headlines,,
"paris terror harms france, islam, and the world",1,sarcasm_headlines,,
6 things no one tells women about their weight loss journey,1,sarcasm_headlines,,
mitch mcconnell rules out 'lame duck' action on supreme court,1,sarcasm_headlines,,
new type of moon rock discovered by china's yutu lunar rover,1,sarcasm_headlines,,
trump's evangelical advisors urged him to protect dreamers,1,sarcasm_headlines,,
is under armour copying nike's playbook?,1,sarcasm_headlines,,
'98 oscar mayer wienermobile car & driver's 10 best wienermobiles list,0,sarcasm_headlines,,
celeb men are leading a male mental health revolution,1,sarcasm_headlines,,
carrie underwood gives fans an update on her face after getting 50 stitches,1,sarcasm_headlines,,
"my parents know all about my sex life, and it's awkward",1,sarcasm_headlines,,
friday's morning email: hope is fading in puerto rico over the government response,1,sarcasm_headlines,,
cooking off the cuff: mushrooms make the meatloaf (duck doesn't hurt either),1,sarcasm_headlines,,
"if you want to read this book, you'll have to buy an ipad",1,sarcasm_headlines,,
historic opportunity for the 45th president of the united states,1,sarcasm_headlines,,
donald trump's economic team continues to align with his billionaire hedge fund adviser,1,sarcasm_headlines,,
suborbital ballistic-propulsion engineer not exactly a rocket scientist,0,sarcasm_headlines,,
my secret money life: i helped bankroll my brother -- and came to regret it,1,sarcasm_headlines,,
trump refers to immigrants as 'animals.' again.,1,sarcasm_headlines,,
how do i make my 4-month-old fall in love with reading?,1,sarcasm_headlines,,
the end of shared sacrifice set in stone: yale as metaphor,1,sarcasm_headlines,,
16 days of activism: combating the global scourge of child marriage,1,sarcasm_headlines,,
reform jews poised to pass transgender resolution,1,sarcasm_headlines,,
bruno mars reportedly offered halftime spot for super bowl 50,1,sarcasm_headlines,,
bannon's cyst finally ruptures,0,sarcasm_headlines,,
'the interview' has made $31 million in online & vod sales thus far,1,sarcasm_headlines,,
even the duchess likes a good deal,1,sarcasm_headlines,,
on the ground of standing rock,1,sarcasm_headlines,,
the troubling connection between anger management problems and gun access,1,sarcasm_headlines,,
florida paper pushes for bike safety with aggressive reporting,1,sarcasm_headlines,,
how real estate players are bracing for the l train shutdown,1,sarcasm_headlines,,
the limits of corporate citizenship: why walgreen shouldn't be allowed to influence u.s. politics if it becomes swiss,1,sarcasm_headlines,,
"mother on trial for hitting, pinching toddler during long flight",1,sarcasm_headlines,,
price-gouging pharma ceo takes over cancer company,1,sarcasm_headlines,,
the woman violently assaulted in 'making a murderer' speaks out,1,sarcasm_headlines,,
these 6 selena cards will make your valentine feel como la flor,1,sarcasm_headlines,,
passengers terrified when engine cover rips off plane bound for hawaii,1,sarcasm_headlines,,
"in kenya's forbidden forests, conservation can turn violent",1,sarcasm_headlines,,
porsha lands a new gig!,1,sarcasm_headlines,,
abc corrects explosive michael flynn report that drove down stocks,1,sarcasm_headlines,,
outback steakhouse at the center of bizarre conspiracy theory,1,sarcasm_headlines,,
why lady pop stars have no time for slacker anthems,1,sarcasm_headlines,,
these chicago landmarks are open to the public for the first time in decades,1,sarcasm_headlines,,
when to get a second opinion,1,sarcasm_headlines,,
how a group of outcast teen boys taught me the value of youth sports,1,sarcasm_headlines,,
6 reasons why i don't force my children to share,1,sarcasm_headlines,,
chrissy teigen wants you to survive your post-election thanksgiving,1,sarcasm_headlines,,
study: u.s. best place for women to buy jeans,0,sarcasm_headlines,,
4-year-old singing with her dad is the epitome of cute,1,sarcasm_headlines,,
democrats force vote to keep net neutrality rules,1,sarcasm_headlines,,
why jb smoove doesn't want chris rock to boycott the oscars,1,sarcasm_headlines,,
"#metoo and ""legitimate rape""",1,sarcasm_headlines,,
elite universities are compromising student mental healthcare amid heightened stress culture,1,sarcasm_headlines,,
chelsea handler features brutal impression of sarah huckabee sanders on her show,1,sarcasm_headlines,,
what not to feed your dog under the thanksgiving table,1,sarcasm_headlines,,
the ingredient that's worse than sugar -- and 2 others to watch for,1,sarcasm_headlines,,
phyllis schlafly and the kingmakers,1,sarcasm_headlines,,
trump claims greatest threat facing nation toys coming to life while owner not in room,0,sarcasm_headlines,,
obamacare premiums will be way higher next year. they didn't have to be.,1,sarcasm_headlines,,
donald trump to begin fundraising 'right away',1,sarcasm_headlines,,
leslie jones confirms she's 'moved on' from milo yiannopoulos harassment,1,sarcasm_headlines,,
how a social media post led a teen into sex trafficking,1,sarcasm_headlines,,
fox news doctor: ben carson was right about guns and the holocaust,1,sarcasm_headlines,,
decoding america's immigration sentiment,1,sarcasm_headlines,,
coloradans who deregistered after trump request for voter data aren't signing up again,1,sarcasm_headlines,,
this donut-shaped pool table is homer simpson's dream come true,1,sarcasm_headlines,,
5 reasons to love the new york city marathon,1,sarcasm_headlines,,
lance armstrong settles $100 million federal fraud case for $5 million,1,sarcasm_headlines,,
how really bad cgi almost ruined '80s disney horror flick 'watcher in the woods',1,sarcasm_headlines,,
tony robbins apologizes amid backlash over me too comments,1,sarcasm_headlines,,
mind the (gender) gap,1,sarcasm_headlines,,
"dick cheney finally hunts down, kills man he shot in face in 2006",0,sarcasm_headlines,,
a brief history of paul ryan's dance of death with donald trump,1,sarcasm_headlines,,
creating is about taking one step to re-imagining leadership: biting off more than you can chew,1,sarcasm_headlines,,
all the women i have been,1,sarcasm_headlines,,
on not sweating the small stuff,1,sarcasm_headlines,,
back to school: teens and digital stress,1,sarcasm_headlines,,
"jonesing nation demands trump tell them where, exactly, drugs are pouring into country",0,sarcasm_headlines,,
9/11 and the (un)making of the 21st century,1,sarcasm_headlines,,
amazon's new streaming service is cheaper than standard netflix,1,sarcasm_headlines,,
the clinton campaign's lawyer partially funded the steele dossier. so what?,1,sarcasm_headlines,,
rant for the litter,1,sarcasm_headlines,,
these creative newborn photos are adorably whimsical,1,sarcasm_headlines,,
freud on how to forget the past,1,sarcasm_headlines,,
"machines won't replace us, they'll force us to evolve",1,sarcasm_headlines,,
father of theater shooting victim now sits in son's row at movies,1,sarcasm_headlines,,
"greece, creditors dig in as deadline nears",1,sarcasm_headlines,,
reporter resigns after gop campaign allegedly tried to block damaging story,1,sarcasm_headlines,,
people think ivanka trump's new twitter bio is an insult to women,1,sarcasm_headlines,,
florida school shooting suspect obtained 10 rifles in roughly the past year,1,sarcasm_headlines,,
mother knows perfect picture to publicize if daughter ever abducted,0,sarcasm_headlines,,
amazon signs lease for possible store in manhattan,1,sarcasm_headlines,,
there was a silver lining to the disneyland measles outbreak,1,sarcasm_headlines,,
casting zionism as 'white nationalism' is anti-semitism,1,sarcasm_headlines,,
trump's plan on prescription drug prices looks nothing like what he promised,1,sarcasm_headlines,,
the importance of partnerships: why business and higher ed need each other,1,sarcasm_headlines,,
kourtney kardashian shares adorable photo with baby reign,1,sarcasm_headlines,,
pope francis on meeting rohingya refugees: 'i wept',1,sarcasm_headlines,,
this adult take on a classic children's hairstyle is a must,1,sarcasm_headlines,,
milky way's mysterious 'bubbles' yield their secrets,1,sarcasm_headlines,,
lazy man waiting for spark of inspiration to finally get started on masturbating,0,sarcasm_headlines,,
watch misty copeland dance to the heavenly sounds of cynthia erivo's voice,1,sarcasm_headlines,,
world's best dad has world's worst arteries,0,sarcasm_headlines,,
fugitive caretakers allegedly steal wwii veteran's life savings,1,sarcasm_headlines,,
'warcraft' trailer debuts at blizzcon,1,sarcasm_headlines,,
setting the record straight on sexual assaults on campus,1,sarcasm_headlines,,
neil armstrong's wife glad to finally get rid of all the space hobby crap,0,sarcasm_headlines,,
photos of ''star wars' in real life will put you over the moon,1,sarcasm_headlines,,
black fashion designers are finally getting their moment in the spotlight,1,sarcasm_headlines,,
kim kardashian urges all parents to 'do something' in wake of recent shootings,1,sarcasm_headlines,,
more bad news for macy's ahead of holiday shopping season,1,sarcasm_headlines,,
backpage ceo likely to walk from pimping charges as judge cites shield law,1,sarcasm_headlines,,
legends of new york's latex ball celebrate the history of voguing,1,sarcasm_headlines,,
are made-from-scratch ice cream shops on the rise? we hope so,1,sarcasm_headlines,,
huffpost rise: what you need to know on december 9,1,sarcasm_headlines,,
france launches new effort for middle east peace,1,sarcasm_headlines,,
"new technologies give government ample means to track suspects, study finds",1,sarcasm_headlines,,
these newlyweds have god-like locks and the internet is living for it,1,sarcasm_headlines,,
woman knows exactly which knife she'd grab out of cutlery drawer in event of home invasion,0,sarcasm_headlines,,
is there such a thing as 'too much' coffee?,1,sarcasm_headlines,,
why attending a college in a big city is the fastest way to grow your career,1,sarcasm_headlines,,
here is jake gyllenhaal singing his heart out ahead of his broadway musical debut,1,sarcasm_headlines,,
mom gives excuse for son's absence that even hermione would accept,1,sarcasm_headlines,,
jimmy carter says he has melanoma that has spread to his brain,1,sarcasm_headlines,,
barack obama's emancipation proclamation,1,sarcasm_headlines,,
nypd: muslim woman set on fire just before 9/11 anniversary,1,sarcasm_headlines,,
'humans of new york' photo captures beautiful body love moment,1,sarcasm_headlines,,
2017: silent no longer,1,sarcasm_headlines,,
"f. scott fitzgerald, a princeton graduate with his diploma at last",1,sarcasm_headlines,,
try this one thing before assuming you have a sleep disorder,1,sarcasm_headlines,,
"kuwait may owe as much as $60,000 for trump hotel event in d.c.",1,sarcasm_headlines,,
"body slams, ballots, and belated apologies in montana",1,sarcasm_headlines,,
"a year after a coward killed the charleston 9, bible study continues",1,sarcasm_headlines,,
jennifer hudson's new 'do makes her our dreamgirl,1,sarcasm_headlines,,
what chinese centenarians can teach us about living well,1,sarcasm_headlines,,
"in the 'bad moms christmas' trailer, the bad moms' moms are crashing the party",1,sarcasm_headlines,,
"charity for homeless returns martin shkreli's $15,000 donation",1,sarcasm_headlines,,
kim kardashian reveals how she thinks robbers planned her attack,1,sarcasm_headlines,,
missing maryland toddler's body found in ohio creek,1,sarcasm_headlines,,
who needs 10 fps when you can have 1 frame every 10 minutes? 5 min portrait 1850's edition,1,sarcasm_headlines,,
bill maher rips jeffrey lord for denying russia influenced the election,1,sarcasm_headlines,,
the end of the big oil and gas game has come,1,sarcasm_headlines,,
obama administration to unveil plans to cut methane emissions,1,sarcasm_headlines,,
my time as a philly juror,1,sarcasm_headlines,,
angela merkel supports partial burka and niqab ban in germany,1,sarcasm_headlines,,
japan puts military on alert for possible north korea missile launch,1,sarcasm_headlines,,
daryl dixon's big secret is finally revealed,1,sarcasm_headlines,,
baron hill is running for senate. will he run clean?,1,sarcasm_headlines,,
"wilbur and orville wright meet tom hanks: natgeo, pay attention -- this is how it's done",1,sarcasm_headlines,,
"for city parks, 2014 was the year that was (great)!",1,sarcasm_headlines,,
surfer finds ring 35 years after he lost it,1,sarcasm_headlines,,
amber tamblyn reveals she's expecting a baby girl in powerful essay about motherhood,1,sarcasm_headlines,,
watch: brandy sings on the subway and nobody seems to notice,1,sarcasm_headlines,,
"so you want to talk about ghost in the shell, the whitewashed edition?",1,sarcasm_headlines,,
the empty calories of fossil fuels,1,sarcasm_headlines,,
7 times we needed to hear taraji p. henson keep it real,1,sarcasm_headlines,,
pope: it would be 'catastrophic' if 'special interests' derailed climate talks,1,sarcasm_headlines,,
jimmy kimmel brings tourists into oscars for highly entertaining bit,1,sarcasm_headlines,,
hillary clinton attempts to distance herself from the 'truly well off',1,sarcasm_headlines,,
these new emojis will make you see food differently,1,sarcasm_headlines,,
portugal finally gets it together,0,sarcasm_headlines,,
10 biggest 'white girl problems' in literature,1,sarcasm_headlines,,
bill maher thanks donald trump for exposing 'hypocritical' evangelicals,1,sarcasm_headlines,,
hilary duff's heartbreaking instagram shows how hard it is to lose a pet,1,sarcasm_headlines,,
phil spector joins jennifer hudson to present 'best new artist' grammy,0,sarcasm_headlines,,
marilinda garcia wins gop primary in new hampshire,1,sarcasm_headlines,,
why this mom of four loves her 'jelly abs and shriveled up skin',1,sarcasm_headlines,,
"'insane' as today's u.s.-russia situation may be, trump and putin don't matter to fx's 'the americans'",1,sarcasm_headlines,,
veteran employment is our #1 priority,1,sarcasm_headlines,,
how not to look like a tourist in berlin,1,sarcasm_headlines,,
rachel zenzinger deserves to return to colorado state senate,1,sarcasm_headlines,,
an incomplete list of all the ways denzel kills people in 'the equalizer',1,sarcasm_headlines,,
"puerto rico's official death toll hits 39, with the final number still unknown",1,sarcasm_headlines,,
simple ways to easily save over $600 a year,1,sarcasm_headlines,,
"if holiday stress is a disease, the virus is your expectations",1,sarcasm_headlines,,
twitter roasts man who confessed to adding mayo to his coffee,1,sarcasm_headlines,,
trump loved 'excellent actress and fine person' meryl streep in 2015,1,sarcasm_headlines,,
"big bird, beastie boys mashup tells you how to get to sabotage street",1,sarcasm_headlines,,
filipino artists protest donald trump's visit with swastika effigy,1,sarcasm_headlines,,
why companies shouldn't hide the financial risks of climate change,1,sarcasm_headlines,,
americans finally recognize own country again after president does half-assed job walking back humanitarian crimes,0,sarcasm_headlines,,
mute teen fulfills his dream of becoming a rapper despite not having a jaw,1,sarcasm_headlines,,
leslie jones website hack under investigation by department of homeland security,1,sarcasm_headlines,,
"in francis' vatican, the homeless get vip treatment",1,sarcasm_headlines,,
even conservatives now admit the u.s. needs paid family leave,1,sarcasm_headlines,,
lawmaker running for jeff sessions' old seat is obsessed with 'war on whites',1,sarcasm_headlines,,
"bill cosby lawyers blast media over assault, drugging reports",1,sarcasm_headlines,,
obama's new cuba policy corrects a five-decade failure,1,sarcasm_headlines,,
why i'm going to let my daughter fail math,1,sarcasm_headlines,,
"gop lawmaker, already punished for claiming parents' money as his own, does it again",1,sarcasm_headlines,,
a nutritionist's top menu picks from popular american chain restaurants,1,sarcasm_headlines,,
gov. jack markell really believes bernie sanders won't win the nomination,1,sarcasm_headlines,,
bob corker accuses wolf blitzer of 'having a great time' pressing him about tax bill vote,1,sarcasm_headlines,,
leaked cables contradict clinton's claims on tpp trade agreement,1,sarcasm_headlines,,
"elmore leonard, modern prose master, noted for his terse prose style and for writing about things perfectly and succinctly with a remarkable economy of words, unfortunately and sadly expired this gloomy tuesday at the age of 87 years old",0,sarcasm_headlines,,
austria's burgenland is full of wildlife and wine,1,sarcasm_headlines,,
"study finds humans' greatest swing in mood occurs between leaving office for lunch, returning afterwards",0,sarcasm_headlines,,
most americans want u.s. to keep funding expanded medicaid,1,sarcasm_headlines,,
"rise of the rest day 3: will ""the rise"" include everyone?",1,sarcasm_headlines,,
digital trust foundation seeking proposals on digital abuse programs,1,sarcasm_headlines,,
bare-handed miracles (pt 1 of 3),1,sarcasm_headlines,,
government shuts down as congress fails to reach spending agreement,1,sarcasm_headlines,,
dad advice is the best advice,1,sarcasm_headlines,,
u.s. women's olympic hockey wins gold in nail-biter finish over canada,1,sarcasm_headlines,,
blessed be the froot loops: 'the handmaid's tale' renewed for third season,1,sarcasm_headlines,,
women in hollywood perfectly okay they not represented behind the scenes of 'the blacklist',0,sarcasm_headlines,,
how to move past grief after the death of a loved one,1,sarcasm_headlines,,
apple may have poached electric motorcycle company to death,1,sarcasm_headlines,,
watch: jay carney's most epic clashes with reporters,1,sarcasm_headlines,,
hillary clinton: college costs are 'outrageously high',1,sarcasm_headlines,,
glasses are the new it accessory,1,sarcasm_headlines,,
congress expected to vote on budget to avert government shutdown,1,sarcasm_headlines,,
sepp blatter faces 90-day suspension from fifa,1,sarcasm_headlines,,
donald trump's proposed cabinet would bring some fringe figures in from the cold,1,sarcasm_headlines,,
retiring teacher moved to tears by surprise flash mob on her last day,1,sarcasm_headlines,,
save the date: i am now able to marry justin timberlake,1,sarcasm_headlines,,
a new 9/11 gift shop,1,sarcasm_headlines,,
dean heller's approval rating takes a hit after health care 'debacle',1,sarcasm_headlines,,
why these trump voters are sticking up for an undocumented neighbor,1,sarcasm_headlines,,
"clinton campaign touts children's health law, but obamacare is her legacy too",1,sarcasm_headlines,,
protecting our environment is a matter of life or death,1,sarcasm_headlines,,
3 dead after car plows into group of trick-or-treaters,1,sarcasm_headlines,,
actor tom sizemore denies groping 11-year-old in 2003,1,sarcasm_headlines,,
stormy daniels smirks when asked if she had affair with donald trump,1,sarcasm_headlines,,
jimmy fallon reveals the silliest bets his viewers have made,1,sarcasm_headlines,,
south korean president meets north korea's kim jong un to talk trump summit,1,sarcasm_headlines,,
dad holds best buy salesman's feet to fire with question about hdtv compatibility,0,sarcasm_headlines,,
russia needs turkey in the war on isis,1,sarcasm_headlines,,
"'once they put me on cheeses, i will finally be happy,' says costco employee handing out free vienna sausage samples",0,sarcasm_headlines,,
gorgeous long exposure train photos prove the city has its own magic,1,sarcasm_headlines,,
when i'm forced to see color in my colorblind marriage,1,sarcasm_headlines,,
meryl streep and tom hanks have too much fun playing each other's characters,1,sarcasm_headlines,,
woman who accused bill clinton of sexual assault joins anti-hillary pac,1,sarcasm_headlines,,
austin street sign vandalized in tribute to david bowie; city lets it stay,1,sarcasm_headlines,,
watch the first trailer for bill murray's 'a very murray christmas' netflix special (update),1,sarcasm_headlines,,
iraqi forces open fire on protesters storming green zone,1,sarcasm_headlines,,
"the writing life: hugs, peace, and pray",1,sarcasm_headlines,,
bush's 'electability' argument is getting even weaker,1,sarcasm_headlines,,
nasa joins twitter users to name those newly discovered planets. the inevitable happens.,1,sarcasm_headlines,,
a weird and wonderful cabaret chronicle: karen mason revisits her roots at 'don't tell mama!',1,sarcasm_headlines,,
the president of israel reaches out to palestinian arabs of israeli citizenship,1,sarcasm_headlines,,
the toy aisle is almost too much for this boy to handle,1,sarcasm_headlines,,
"for dreamers who endured the horrors of joe arpaio's arizona, our work is not done",1,sarcasm_headlines,,
the ryan fitzpatrick era must end for the new york jets,1,sarcasm_headlines,,
aly raisman sues u.s. olympic committee for silence on larry nassar,1,sarcasm_headlines,,
here's all the expensive nonsense trump's epa chief is wasting your taxes on,1,sarcasm_headlines,,
what not to do during an interview,1,sarcasm_headlines,,
"americans still don't know what climate change is, google shows",1,sarcasm_headlines,,
man confident perfect dating app waiting for him out there somewhere,0,sarcasm_headlines,,
"hgtv star explains why you should never ask, 'when are you going to have a baby?'",1,sarcasm_headlines,,
cadbury's chocolate will no longer be imported from the u.k. and everyone is depressed,1,sarcasm_headlines,,
"there sure were a bunch of white nationalists at cpac, huh?",1,sarcasm_headlines,,
pro-trump trolls target megyn kelly's new book on amazon,1,sarcasm_headlines,,
cyndi lauper: trump is a 'bum',1,sarcasm_headlines,,
violence erupts at pro-trump california beach rally,1,sarcasm_headlines,,
hillary clinton calls water crisis 'immoral' in visit to flint,1,sarcasm_headlines,,
watch katy perry's hilarious segway fail at burning man,1,sarcasm_headlines,,
television's nerdiest indian gets real,1,sarcasm_headlines,,
fox news host: donald trump could get corporate sponsors for his wall,1,sarcasm_headlines,,
gay marriage finds scant mention among republicans at values voter summit,1,sarcasm_headlines,,
sexually transmitted zika highlights brazil's rampant inequality,1,sarcasm_headlines,,
terrified families fleeing northern gaza airstrikes seek refuge with un,1,sarcasm_headlines,,
"trump's lies aren't lies because 'there's no such thing' as facts anymore, his surrogate says",1,sarcasm_headlines,,
hear social media obsessed teen's reaction when her parents take away phone,1,sarcasm_headlines,,
"burglar bursts through ymca ceiling, steals toy money",1,sarcasm_headlines,,
how net neutrality repeal could silence women and people of color,1,sarcasm_headlines,,
roommate won't shut up about his best sound mixing oscar,0,sarcasm_headlines,,
15 blog posts by latinos that got us talking in 2015,1,sarcasm_headlines,,
first 'justice league' trailer will make you forget all about 'batman v superman',1,sarcasm_headlines,,
heidi klum stops talking trump for 'box of lies' with jimmy fallon,1,sarcasm_headlines,,
the fall of the would-be emperor,1,sarcasm_headlines,,
can nonprofit management usurp board responsibilities?,1,sarcasm_headlines,,
trump confidant floats crazy rbg-for-merrick-garland scotus swap,1,sarcasm_headlines,,
house of cards-style corruption in virginia,1,sarcasm_headlines,,
free your mind your crotch will follow,1,sarcasm_headlines,,
250-pound man sadly in best shape of his life,0,sarcasm_headlines,,
coach's super profound words: 'ballers make plays. dudes are dudes.',1,sarcasm_headlines,,
why trans musician laura jane grace refuses to cancel her nc show,1,sarcasm_headlines,,
'queer eye' star antoni porowski strips to his underwear for hanes campaign,1,sarcasm_headlines,,
huffpost hill - please clap: 2016 nearly over,1,sarcasm_headlines,,
barbra streisand and jennifer hudson team up,1,sarcasm_headlines,,
pope francis' iraq peace message meets the reality of war,1,sarcasm_headlines,,
comedians highlight the crazy things women go through to get an abortion,1,sarcasm_headlines,,
"lights go on, part xxxx -- learning",1,sarcasm_headlines,,
police kill armed black man in st. louis on anniversary of another officer-involved shooting,1,sarcasm_headlines,,
robert downey jr. volunteers to voice mark zuckerberg's real-life jarvis,1,sarcasm_headlines,,
"police: man killed by officers was holding phone, not gun",1,sarcasm_headlines,,
people's climate march signs speak volumes,1,sarcasm_headlines,,
your four-legged friends are leaving a serious carbon pawprint on the planet,1,sarcasm_headlines,,
#talktome: lucas braga and otaviano canuto,1,sarcasm_headlines,,
"from ferguson to staten island, justice and accountability are nowhere in sight",1,sarcasm_headlines,,
"another noose found near d.c. museums, police say",1,sarcasm_headlines,,
visionary sports columnist asserts that muhammad ali's greatest fight wasn't in the ring,0,sarcasm_headlines,,
trump faces allegations over charity that forced other politicians to resign,1,sarcasm_headlines,,
this honest 'star wars' teaser puts the pressure on j.j. abrams,1,sarcasm_headlines,,
newsguild launches campaign in support of jailed reuters employees,1,sarcasm_headlines,,
hillary clinton aims to regain momentum at debate after surprise defeat in michigan,1,sarcasm_headlines,,
serena williams used her tennis superpowers to take down phone thief,1,sarcasm_headlines,,
biden co-presents best new starlet award with shyla stylez at 2015 avn adult movie awards show,0,sarcasm_headlines,,
give me your dreamers that are searching for purpose,1,sarcasm_headlines,,
gop preparing for contested convention,1,sarcasm_headlines,,
darrell issa retiring from congress,1,sarcasm_headlines,,
"i love my boyfriend, but i hate our relationship: on non-monogamy",1,sarcasm_headlines,,
bask in the glow of adele telling critics to 'suck my dick' mid-concert,1,sarcasm_headlines,,
some of justice scalia's biggest fans declare donald trump 'uniquely unsuited' to be president,1,sarcasm_headlines,,
channing tatum and jenna dewan tatum slay on the golden globes red carpet,1,sarcasm_headlines,,
a labor day documentary: 'brothers on the line' tells the story of the reuther brothers -- founding fathers of the american middle class,1,sarcasm_headlines,,
'fantastic' news! dumbledore is officially coming to 'fantastic beasts',1,sarcasm_headlines,,
student killed herself after university mishandled her rape report: suit,1,sarcasm_headlines,,
republicans urge obama administration to crack down on sanctuary cities,1,sarcasm_headlines,,
trying to explain heroin to the concerned father of an addict,1,sarcasm_headlines,,
the clinton campaign is in 'the barrel.' they have a plan to get out.,1,sarcasm_headlines,,
brody jenner throws shade at kimye in 'kuwtk' teaser,1,sarcasm_headlines,,
how to take your dream vacation without a guidebook or expensive cell charges,1,sarcasm_headlines,,
pope francis is releasing a pop-rock album in november,1,sarcasm_headlines,,
mountain west and plains best places to retire in u.s.,1,sarcasm_headlines,,
peter facinelli & jaimie alexander are engaged,1,sarcasm_headlines,,
we can't believe this red rock canyon tree exists on planet earth,1,sarcasm_headlines,,
these religions were born in the u.s.a.,1,sarcasm_headlines,,
dzhokar tsarnaev finally moves off campus,0,sarcasm_headlines,,
annie mumolo talks funny women and the possibility of a 'bridesmaids' sequel,1,sarcasm_headlines,,
"the rca & arista years: a conversation with laurie anderson on lou reed, plus roger daltrey presents hernan barangan's teen cancer doc road rebellion",1,sarcasm_headlines,,
"by embracing psychology and ignoring polls, democrats could still win the '14 elections",1,sarcasm_headlines,,
north carolina doesn't seem to want people to see police camera footage,1,sarcasm_headlines,,
walking away from the game: a higher calling or just over it?,1,sarcasm_headlines,,
when patriotism becomes idolatry,1,sarcasm_headlines,,
faith: 20 years strong,1,sarcasm_headlines,,
"afl-cio bucks progressive allies, backs dakota access pipeline",1,sarcasm_headlines,,
why i'm building my political wardrobe,1,sarcasm_headlines,,
2 virginia tech students charged in missing 13-year-old girl's murder,1,sarcasm_headlines,,
adorable tiger cubs turn into fearsome big cats over course of 1 year,1,sarcasm_headlines,,
5 things not to say to a transgender person (and 3 things you should),1,sarcasm_headlines,,
miley cyrus keeps her sense of humor amid hospitalization,1,sarcasm_headlines,,
we've long excused the sexually abusive behavior of older men. not anymore.,1,sarcasm_headlines,,
hillary clinton pledges not to cut social security benefits,1,sarcasm_headlines,,
these stars prove dark '90s lipstick is eternally cool,1,sarcasm_headlines,,
amy poehler and ike barinholtz try to play guess who without discriminating,1,sarcasm_headlines,,
frank ocean calls rejecting the grammys his 'colin kaepernick moment',1,sarcasm_headlines,,
"america is pretty damn great already, biden says in fiery dnc speech",1,sarcasm_headlines,,
creators of michelle rodriguez's new film defend it from claims of transphobia,1,sarcasm_headlines,,
race is on to find treatment for mystery illness paralyzing children,1,sarcasm_headlines,,
"trump reaffirms his intention to order war crimes, then backs down [update]",1,sarcasm_headlines,,
"great, donald trump threatened to default on the national debt",1,sarcasm_headlines,,
environmentalists say they're averting climate disaster. conservatives say it's terrorism.,1,sarcasm_headlines,,
palestinian journalist killed in israel-gaza protests,1,sarcasm_headlines,,
stephen colbert reveals the back-up slogans for donald trump's 2020 campaign,1,sarcasm_headlines,,
starving for a fantasy,1,sarcasm_headlines,,
"britain to send 125 military advisers to iraq, says david cameron",1,sarcasm_headlines,,
decision to circle parking lot produces carbon emission that finally does it,0,sarcasm_headlines,,
the hollywood boys' club that supports casey affleck is a total disgrace,1,sarcasm_headlines,,
"explosion at fedex facility outside san antonio may be linked to austin bombings, fbi says",1,sarcasm_headlines,,
jury finds cinemark theater chain not liable in 2012 colorado movie massacre,1,sarcasm_headlines,,
watch a new scene and promo from 'the walking dead' season 6,1,sarcasm_headlines,,
cdc abruptly canceled a long-planned climate summit days before trump became president,1,sarcasm_headlines,,
facebook was so adorable and harmless back in the day,1,sarcasm_headlines,,
fox news meteorologist slams woman who said her legs are 'too fat',1,sarcasm_headlines,,
a feminist meets fidel castro,1,sarcasm_headlines,,
those weren't nooses at university of delaware,1,sarcasm_headlines,,
winn-dixie: from one to a thousand-a journey of a hundred years,1,sarcasm_headlines,,
widely criticized olympian says his 'arrogance' was actually intentional,1,sarcasm_headlines,,
"huffpost rise morning newsbrief, october 13",1,sarcasm_headlines,,
amazingly humanlike robot able to commit thousands of mistakes per day,0,sarcasm_headlines,,
creating is a drug,1,sarcasm_headlines,,
syria: why the ceasefire is unravelling,1,sarcasm_headlines,,
"donald trump thinks roger goodell is 'weak,' 'stupid' and a 'dope'",1,sarcasm_headlines,,
"higher interest rates – oh, goodie!",1,sarcasm_headlines,,
amazing affleck brothers dazzle oscars audience with high-flying trapeze routine,0,sarcasm_headlines,,
what makes for a stable marriage?,1,sarcasm_headlines,,
the sugar industry paid scientists to be on its side as early as the 1960s,1,sarcasm_headlines,,
harry belafonte is really concerned about trump supporters,1,sarcasm_headlines,,
these 5 decisions define you as an entrepreneur,1,sarcasm_headlines,,
watch: minor league brawl spills into seats,1,sarcasm_headlines,,
trump's attitude towards sexual misconduct remains disturbing,1,sarcasm_headlines,,
shares of hazmat-suit maker spike on nyc ebola news,1,sarcasm_headlines,,
the selfie girls everyone mocked use their fame for good,1,sarcasm_headlines,,
new 'incredibles 2' trailer is all about mom's new job and dad staying at home,1,sarcasm_headlines,,
australian politician proposes to partner during same-sex marriage debate,1,sarcasm_headlines,,
report: underfunded public schools lacking basic support systems leave students perfectly prepared for rest of life,0,sarcasm_headlines,,
bid to save gawker.com falls short,1,sarcasm_headlines,,
why is it so hard to forgive yourself?,1,sarcasm_headlines,,
an army of sophisticated bots is influencing the debate around education,1,sarcasm_headlines,,
big wave surfer breaks his back in harrowing wipeout on video,1,sarcasm_headlines,,
united apologizes to passenger with cerebral palsy who had to crawl off plane,1,sarcasm_headlines,,
"no, bruce jenner is not having a 'midlife crisis'",1,sarcasm_headlines,,
5 important questions to ask about your audience before your next presentation,1,sarcasm_headlines,,
kim kardashian wants 'everyone to be as honest as kanye',1,sarcasm_headlines,,
bigoted asshole makes the best barbecue,0,sarcasm_headlines,,
american muslims and philanthropy,1,sarcasm_headlines,,
"holy mother of all that is good, 'curb your enthusiasm' is officially back",1,sarcasm_headlines,,
"i was, but now i am",1,sarcasm_headlines,,
janet jackson addresses split and says she's resuming tour,1,sarcasm_headlines,,
leo dicaprio: green tech can soon meet 100% of global energy needs,1,sarcasm_headlines,,
"how to lose to the islamic state: obama administration considers deploying troops to iraq, focusing on assad in syria",1,sarcasm_headlines,,
'what's our best path to 270?' gary johnson asks campaign aides packing up office,0,sarcasm_headlines,,
hobnobbing with 'givers' mike gamson and alaina percival,1,sarcasm_headlines,,
attending 'price is right' taping apparently sailors' best idea for shore leave,0,sarcasm_headlines,,
10 basic trends 2014 can keep,1,sarcasm_headlines,,
area man going to great lengths to conceal his perfectly normal behavior,0,sarcasm_headlines,,
ted cruz upsets donald trump in maine republican caucus,1,sarcasm_headlines,,
scott pruitt (sort of) answers whether trump believes in climate change,1,sarcasm_headlines,,
how (not) to repeat history,1,sarcasm_headlines,,
"when will we start expecting extreme weather, and planning for it?",1,sarcasm_headlines,,
"in u.s. visit, theresa may calls on trump to stand united",1,sarcasm_headlines,,
this interfaith couple refuses to let their parents keep them apart,1,sarcasm_headlines,,
the whitewashing of james brown,1,sarcasm_headlines,,
jenny beavan doesn't care if people didn't clap for her at the oscars,1,sarcasm_headlines,,
watch: the insanely easy way to poach a dozen eggs at once,1,sarcasm_headlines,,
obese man has amazing calves,0,sarcasm_headlines,,
everything you need to know about filipino breakfasts,1,sarcasm_headlines,,
follow-up tests confirm president trump's 19 other personalities also perfectly healthy,0,sarcasm_headlines,,
"leonardo dicaprio morphs back into hairy, overweight iowan after finally receiving oscar",0,sarcasm_headlines,,
"broadway, tv stars to honor anti-lgbt attack victims, past and present",1,sarcasm_headlines,,
depositions show donald trump as quick to exaggerate and insult,1,sarcasm_headlines,,
zoe saldana brings out tlc for incredible 'no scrubs' performance on 'lip sync battle',1,sarcasm_headlines,,
marvel won't make a female thor movie 'any time soon',1,sarcasm_headlines,,
report: now sadly the best time in american history to be black,0,sarcasm_headlines,,
"barbara annis and dr. keith merron on the need for gender intelligence, an exclusive interview (pt 1)",1,sarcasm_headlines,,
international operators of equity crowdfunding sites beware -- the sec may come after you,1,sarcasm_headlines,,
seth meyers dubs donald trump the 'tiger woods of hypocrisy' over his golfing,1,sarcasm_headlines,,
trump's not-so-new afghanistan strategy,1,sarcasm_headlines,,
kristina reveals how she's dealing with dean after 'bachelor in paradise',1,sarcasm_headlines,,
melania trump responds to charlottesville clashes before president does,1,sarcasm_headlines,,
bernie sanders planning 'major speech' on democratic socialism,1,sarcasm_headlines,,
girl finally speaking up enough for people to critique her speaking voice,0,sarcasm_headlines,,
trump says his attitude toward syria changed with chemical attack,1,sarcasm_headlines,,
arkansas gets permission to enforce voter id law in primaries,1,sarcasm_headlines,,
heat rises for fbi director james comey as both campaigns demand email answers,1,sarcasm_headlines,,
we need more college graduates,1,sarcasm_headlines,,
an unexpected health consequence of the california drought,1,sarcasm_headlines,,
writer unwilling to admit his screenplay perfect fit for justin long,0,sarcasm_headlines,,
"after the march for science, it's time to get political",1,sarcasm_headlines,,
facebook reportedly working on healthcare features and apps,1,sarcasm_headlines,,
how this journalist forced officials to release the laquan mcdonald video,1,sarcasm_headlines,,
'snl' just gave 'game of thrones' an eighth kingdom,1,sarcasm_headlines,,
this hummus has a secret ingredient supermarkets don't want to sell,1,sarcasm_headlines,,
new study finds being on cover of 'people' magazine best predictor of revealing all,0,sarcasm_headlines,,
3 tips to ensure a peaceful thanksgiving,1,sarcasm_headlines,,
'juno' writer says it's definitely not an 'anti-choice movie',1,sarcasm_headlines,,
princeton students protest protesters,1,sarcasm_headlines,,
gorgeous new nasa image shows earth 'rising' over the moon,1,sarcasm_headlines,,
we'd like to get our hands on these stephen colbert 'col-bears',1,sarcasm_headlines,,
new york prepares for protests as grand jury reviews eric garner's death,1,sarcasm_headlines,,
world's oldest yoga teacher says she doesn't plan on 'growing up',1,sarcasm_headlines,,
'deadpool 2' trailer debuts josh brolin's cable and other x-citing mutants,1,sarcasm_headlines,,
10 super annoying things we can't help but whine about,1,sarcasm_headlines,,
new yorker releases cover it would have run if hillary clinton had won,1,sarcasm_headlines,,
hannibal buress arrested for disorderly intoxication in miami,1,sarcasm_headlines,,
"donald trump sold his investment in carrier's parent company, transition team says",1,sarcasm_headlines,,
the consumer financial protection bureau: a government agency for promoting growth,1,sarcasm_headlines,,
washington governor: 'we are not afraid to take action' on guns,1,sarcasm_headlines,,
heroes for homeless kids celebrate in aurora,1,sarcasm_headlines,,
"uber driver denies ride to woman in labor, still charges $13",1,sarcasm_headlines,,
what makes bill gates feel 'stupid',1,sarcasm_headlines,,
jennifer lawrence and aziz ansari give new meaning to #friendshipgoals,1,sarcasm_headlines,,
blake lively explains the touching reason she joined the women's march,1,sarcasm_headlines,,
rebel wilson sings the google translate versions of classic holiday songs,1,sarcasm_headlines,,
why taking a risk is a must for creativity,1,sarcasm_headlines,,
hillary clinton drops into detroit as democrats get nervous about black turnout,1,sarcasm_headlines,,
edge of tomorrow as spiritual travel metaphor,1,sarcasm_headlines,,
why justin bieber was baptized in an nba player's bathtub,1,sarcasm_headlines,,
miranda lambert just got 'engaged' to the most adorable little fan,1,sarcasm_headlines,,
new employee finally around long enough to be deemed incompetent,0,sarcasm_headlines,,
switching to renewables will save millions of american lives,1,sarcasm_headlines,,
seth meyers' spoof 'trump mingle' app wants to make america date again,1,sarcasm_headlines,,
woman alleges donald trump groped her at 1998 tennis tournament,1,sarcasm_headlines,,
why the affordable care act hasn't gone far enough,1,sarcasm_headlines,,
food critic's wife makes the best lasagna she possibly can,0,sarcasm_headlines,,
sinclair broadcasting orders local anchors to record bizarre 'hostage' video,1,sarcasm_headlines,,
know what weird thing a man did with a mannequin? it's fark weird news quiz time!,1,sarcasm_headlines,,
let food truly be your fuel,1,sarcasm_headlines,,
lawmakers seek investigation of al jazeera amid israel documentary controversy,1,sarcasm_headlines,,
12 items to wear on a first date if your goal is to remain single,1,sarcasm_headlines,,
this year's primary left most voters with a lower opinion of the gop,1,sarcasm_headlines,,
20 lessons of the 20th century for trump's america,1,sarcasm_headlines,,
spanish government threatens to impose direct rule in catalonia,1,sarcasm_headlines,,
with mia love's election we're still not post-racial,1,sarcasm_headlines,,
how seriously does your nonprofit board take the matter of ethics?,1,sarcasm_headlines,,
new study finds best sunscreen is layer of human blood,0,sarcasm_headlines,,
theater: nathan lane and matthew broderick kings of comedy! again!; wonderfully 'curious',1,sarcasm_headlines,,
"mick mulvaney, supporter of 2013 government shutdown, blames obama for that one",1,sarcasm_headlines,,
big day at the united nations,1,sarcasm_headlines,,
"donald trump is unqualified to be president, majority of american voters say",1,sarcasm_headlines,,
trump's strain on free speech,1,sarcasm_headlines,,
republican mississippi senator's long political past holds clues his time may be up,1,sarcasm_headlines,,
are we prepared for president obama's free community colleges?,1,sarcasm_headlines,,
how to know when to dial your confidence up -- or down,1,sarcasm_headlines,,
'mapplethorpe' documentary directors reflect on the artist and their film,1,sarcasm_headlines,,
"what's better, fresh or frozen turkey?",1,sarcasm_headlines,,
"virginia is on the verge of giving health coverage to 400,000, but there's a catch",1,sarcasm_headlines,,
everyone loves alternative facts,1,sarcasm_headlines,,
huffpost hill - president impressed his gum keeps its flavor all through the longest day,1,sarcasm_headlines,,
jared leto doesn't 'give a f**k' about taylor swift,1,sarcasm_headlines,,
angela merkel vows g20 won't bow to trump on climate change,1,sarcasm_headlines,,
a nurse's new year's resolution,1,sarcasm_headlines,,
"no, women's soccer does not have a domestic violence problem",1,sarcasm_headlines,,
every child deserves a fair chance,1,sarcasm_headlines,,
harry reid stunned by ted cruz's claim that most violent criminals are democrats,1,sarcasm_headlines,,
here's how long muslims fast around the world,1,sarcasm_headlines,,
did the hurricanes change the climate debate?,1,sarcasm_headlines,,
"an oral history of *nsync's breakup, according to bandmates not named justin timberlake",1,sarcasm_headlines,,
the best beef burger recipes to make this grilling season,1,sarcasm_headlines,,
"class of 2014, we've come a long way",1,sarcasm_headlines,,
'daily show' eviscerates trump's black and white view of law and order,1,sarcasm_headlines,,
why terrorists attack us,1,sarcasm_headlines,,
eric trump 'liked' michelle wolf's blistering cracks about sarah huckabee sanders,1,sarcasm_headlines,,
"a little gay jewish boy: ""life is a cabaret?""",1,sarcasm_headlines,,
scientific proof that having a squad makes life less painful,1,sarcasm_headlines,,
"news roundup for august 23, 2017",1,sarcasm_headlines,,
america's election cycle is so scary that haunted houses are getting political,1,sarcasm_headlines,,
"'snl' spoofs oscars, flames hollywood sex harassment with 'grabbies' awards",1,sarcasm_headlines,,
nafta renegotiation is a stark reminder that states and cities must protect against climate disaster,1,sarcasm_headlines,,
how one dying man changed the debate about the tax bill,1,sarcasm_headlines,,
michael bloomberg states support for bloomberg politics after report he's soured on star journalists,1,sarcasm_headlines,,
bugaboo stroller's 'unrealistic' ad causes controversy,1,sarcasm_headlines,,
the public health threat of private anger,1,sarcasm_headlines,,
pope francis's life depicted in new comic book,1,sarcasm_headlines,,
how baby boomers are redefining healthy aging,1,sarcasm_headlines,,
who is qualified to sing at mariah carey's wedding? 'f**king nobody',1,sarcasm_headlines,,
emeritus pope benedict to attend weekend's canonizations,1,sarcasm_headlines,,
"to read or not to read, part 2",1,sarcasm_headlines,,
"a picture postcard from meenakshi amman temple, india",1,sarcasm_headlines,,
gawker is said to retool as politics site,1,sarcasm_headlines,,
huffpost rise: what you need to know on may 23,1,sarcasm_headlines,,
recipe for a great mom: reflections from one outnumbered male,1,sarcasm_headlines,,
a lesson america can teach,1,sarcasm_headlines,,
louis c.k. sends out epic email annihilating donald trump's candidacy,1,sarcasm_headlines,,
gaby hoffmann is pregnant with first child,1,sarcasm_headlines,,
the next water crisis is looming — how can tech help?,1,sarcasm_headlines,,
the thing that will wreck many americans' retirement,1,sarcasm_headlines,,
setting up the jokes for maximum effect,1,sarcasm_headlines,,
wisdom from a veteran advisor in family business,1,sarcasm_headlines,,
donald trump concedes he's 'not at all presidential' as he slams michael moore play,1,sarcasm_headlines,,
matthew mcconaughey once faked an australian accent for an entire year,1,sarcasm_headlines,,
"facing fbi bank fraud investigation, bernie and jane sanders hire lawyers",1,sarcasm_headlines,,
it's already looking like trump vs. clinton in this swing virginia county,1,sarcasm_headlines,,
chicago west makes her debut in kylie jenner's baby announcement,1,sarcasm_headlines,,
trump launches another sexist tweet in newest attack on 'morning joe' hosts,1,sarcasm_headlines,,
miami archbishop warns employees: supporting gay marriage could cost you your job,1,sarcasm_headlines,,
"young democrats prefer bernie sanders, new poll finds",1,sarcasm_headlines,,
this may be holding you back from repairing a broken relationship,1,sarcasm_headlines,,
'cool jobs' for baby boomers who want to work in retirement,1,sarcasm_headlines,,
family rewrites 'in da club' to celebrate back-to-school season,1,sarcasm_headlines,,
nana finally makes it to never land in battle for the book!,1,sarcasm_headlines,,
helen mirren paid tribute to prince with a purple dress and a fake tattoo,1,sarcasm_headlines,,
how humans are laying out the welcome mat for mosquitoes and the diseases they carry,1,sarcasm_headlines,,
these are the most exciting photos from the 2016 iowa caucuses,1,sarcasm_headlines,,
huge crowds celebrate easter with pope francis,1,sarcasm_headlines,,
this anorexia treatment probably doesn't work. it might have something to tell us anyway.,1,sarcasm_headlines,,
u.n. fails to agree on independent inquiry of human rights abuses in yemen,1,sarcasm_headlines,,
disappointed in 'silence': proud of my domestic ignatians,1,sarcasm_headlines,,
trump cannot stop the transition to environmental sustainability,1,sarcasm_headlines,,
damon albarn gets carried off stage in denmark after 5-hour set,1,sarcasm_headlines,,
arctic scientists discover perfectly preserved al gore frozen in glacier,0,sarcasm_headlines,,
mockingbird imitates car alarm perfectly,0,sarcasm_headlines,,
bears run free after 20 years in tiny cages,1,sarcasm_headlines,,
time to end subsidies that are destroying forests,1,sarcasm_headlines,,
this is why i prefer the bodies of older women,1,sarcasm_headlines,,
'drag race' star willam opens up about break up of 'boy is a bottom' group,1,sarcasm_headlines,,
"kim, cosby and kim: 2014's greatest fails",1,sarcasm_headlines,,
photos of janet jackson's style evolution through the years,1,sarcasm_headlines,,
giuliana rancic on cheating ex jerry o'connell: 'it's all good',1,sarcasm_headlines,,
more national dog day celebrity tweets!,1,sarcasm_headlines,,
stop saying 'not my president',1,sarcasm_headlines,,
first look at tony shalhoub in new cbs series 'braindead',1,sarcasm_headlines,,
the campaign finance game,1,sarcasm_headlines,,
why the new hollywood will never live up to old hollywood,1,sarcasm_headlines,,
scott baio wants donald trump to 'relentlessly attack' hillary clinton,1,sarcasm_headlines,,
trump tells australia prime minister that he 'hates taking' refugees,1,sarcasm_headlines,,
"donald trump finally attacks ted cruz, referencing his cuban heritage",1,sarcasm_headlines,,
khloe kardashian rocks out with mason disick,1,sarcasm_headlines,,
supreme court justices to snowstorm jonas: it's just ice,1,sarcasm_headlines,,
how black girls vote is getting young voters to the poll,1,sarcasm_headlines,,
amber rose fearful over breast reduction surgery on wednesday,1,sarcasm_headlines,,
this dance inspired by 'moonlight' is almost as gorgeous as the real thing,1,sarcasm_headlines,,
"behold, chris christie's fawning 'interview' with donald trump",1,sarcasm_headlines,,
years of u.s. government lies could soon result in a kurdish massacre,1,sarcasm_headlines,,
"ukrainian band lyudska podoba talks patriarchy, sexualities and trojan horses",1,sarcasm_headlines,,
fox host links immigration reform to upcoming ferguson grand jury decision,1,sarcasm_headlines,,
death of 12 schoolchildren makes perfect sense,0,sarcasm_headlines,,
activists keep up protests in sacramento over stephon clark shooting,1,sarcasm_headlines,,
bernie sanders is 'cautiously optimistic' about pulling off an iowa upset,1,sarcasm_headlines,,
mindfulness in your 20s: lessons i learned from a hitchhiker,1,sarcasm_headlines,,
official texas republican platform says more than half the state is gay,1,sarcasm_headlines,,
eric cantor's new job,1,sarcasm_headlines,,
jimmy kimmel fights back tears over cecil the lion's death,1,sarcasm_headlines,,
g20 leaders must turn the tide on inequality and climate change,1,sarcasm_headlines,,
did ernest hemingway have an affair with his sister-in-law?,1,sarcasm_headlines,,
native american activists create spoof website to call for redskins name change,1,sarcasm_headlines,,
redstate names leon wolf managing editor as erick erickson prepares exit,1,sarcasm_headlines,,
north korea praises trump and urges us voters to reject 'dull hillary',1,sarcasm_headlines,,
what refugees really want,1,sarcasm_headlines,,
another goper has compared planned parenthood to nazi germany,1,sarcasm_headlines,,
wedding dj finally gets the chance to listen to some black eyed peas on his own time,0,sarcasm_headlines,,
amy schumer hints she will push to reduce gun violence,1,sarcasm_headlines,,
classical live: a gift to new music fans,1,sarcasm_headlines,,
nyt editorial board unloads on trump: 'the law is coming',1,sarcasm_headlines,,
public school closures are an attack on arkansans of color,1,sarcasm_headlines,,
study finds all-consuming self-pity best way to win back ex-partner,0,sarcasm_headlines,,
theater: bradley cooper gets ugly; tr knight gets closeted,1,sarcasm_headlines,,
an astronaut's suggestion on how to fix politics would be expensive but probably pretty effective,1,sarcasm_headlines,,
here's how to tell if hillary clinton will keep her promises on trade,1,sarcasm_headlines,,
how some of trump's bad tweets are helping puppies and kittens,1,sarcasm_headlines,,
transmuting the curse of suicide into a blessing: my speech at usc/verdugo hills hospital,1,sarcasm_headlines,,
trump's usda pick with ties to russia investigation withdraws nomination,1,sarcasm_headlines,,
"thanks to google maps, you can be at the world cup",1,sarcasm_headlines,,
gay man and his mom open up about beautiful viral hidden camera coming out video,1,sarcasm_headlines,,
daily meditation: spiritual sustenance,1,sarcasm_headlines,,
bernie sanders is narrowing the gap with hillary clinton in the granite state,1,sarcasm_headlines,,
authorities urge florida residents to prevent further disasters by finally standing up to hurricane,0,sarcasm_headlines,,
history teacher removed from classroom for comparing trump to hitler,1,sarcasm_headlines,,
teacher allegedly shares nude photos of her boob job with students,1,sarcasm_headlines,,
these dads reveal how they created their beautiful 'forever family' on a farm,1,sarcasm_headlines,,
the kansas city royals love 'trap queen' more than you,1,sarcasm_headlines,,
crazy cheap deal: fly to 10 countries in 30 days for just $160,1,sarcasm_headlines,,
jimmy kimmel finally answers the question: is trump 'crazy or just dumb?',1,sarcasm_headlines,,
china discontinues state surveillance program after finally finding guy who drove into xi jinping's mailbox,0,sarcasm_headlines,,
the dangers behind teen texting and driving,1,sarcasm_headlines,,
david bowie's son welcomes baby boy exactly six months after singer's death,1,sarcasm_headlines,,
judge compares trans student's case to america's greatest civil rights battles,1,sarcasm_headlines,,
meg gavin's gps guide for finding perspective,1,sarcasm_headlines,,
nyc park officials finally get around to replacing dead light bulbs in statue of liberty's eyes,0,sarcasm_headlines,,
'finding dory' shows no signs of slowing down at the box office,1,sarcasm_headlines,,
anthony weiner would rather eat a wooden table than return to congress,1,sarcasm_headlines,,
emma watson donates $1.4 million to fight sex harassment in curtain raiser to baftas,1,sarcasm_headlines,,
how i embraced the winter blahs,1,sarcasm_headlines,,
the white house isn't going to respond to petition to arrest donald trump,1,sarcasm_headlines,,
american muslims honor muhammad ali as a champion of their faith,1,sarcasm_headlines,,
"dr. oz, mel gibson, & congress called out using steve buscemi and an adorable puppy",1,sarcasm_headlines,,
when our tears become medicine,1,sarcasm_headlines,,
cooking off the cuff: bluefish in saor – a new york take on a venetian favorite,1,sarcasm_headlines,,
amy schumer pens letter to tampa trump fans who walked out on her,1,sarcasm_headlines,,
bakery owner vows to stop making wedding cakes altogether after pro-gay court ruling,1,sarcasm_headlines,,
how san antonio's dominant defense is fueling title hopes,1,sarcasm_headlines,,
"If you enjoy falling asleep during movies, this one's perfect for you!",0,manual_curated,,
The best part of this movie was when the credits rolled.,0,manual_curated,,
I'd rather watch paint dry than sit through this again.,0,manual_curated,,
"Exactly what the world needed, another superhero movie.",0,manual_curated,,
"Oh great, another remake. Hollywood is so original these days.",0,manual_curated,,
"Wow, what an original plot twist! I totally didn't see that coming... said no one ever.",0,manual_curated,,
"Just what I always wanted, two hours of my life I'll never get back.",0,manual_curated,,
"If you're looking for a cure for insomnia, this movie is perfect!",0,manual_curated,,
The director really outdid himself. I've never been so bored.,0,manual_curated,,
Amazing! I've finally found a movie worse than my ex's personality.,0,manual_curated,,
This film was genuinely engaging from start to finish.,1,manual_curated,,
I thoroughly enjoyed the creative storyline and character development.,1,manual_curated,,
The director's vision really came through in this unique movie.,1,manual_curated,,
This is definitely worth watching for the stunning visuals alone.,1,manual_curated,,
A refreshing take on the genre that kept me interested throughout.,1,manual_curated,,
The movie was a complete waste of time.,0,idiom_synthetic,waste of time,
"In my opinion, the movie was a complete waste of time.",0,idiom_synthetic_variation,waste of time,
I felt that the movie was a complete waste of time.,0,idiom_synthetic_variation,waste of time,
Many people agree that the movie was a complete waste of time.,0,idiom_synthetic_variation,waste of time,
It's clear that the movie was a complete waste of time.,0,idiom_synthetic_variation,waste of time,
Going to that conference was a waste of time and money.,0,idiom_synthetic,waste of time,
I think going to that conference was a waste of time and money.,0,idiom_synthetic_variation,waste of time,
"In my opinion, going to that conference was a waste of time and money.",0,idiom_synthetic_variation,waste of time,
It's clear that going to that conference was a waste of time and money.,0,idiom_synthetic_variation,waste of time,
Reading this book is a waste of time if you're looking for new insights.,0,idiom_synthetic,waste of time,
"In my opinion, reading this book is a waste of time if you're looking for new insights.",0,idiom_synthetic_variation,waste of time,
I felt that reading this book is a waste of time if you're looking for new insights.,0,idiom_synthetic_variation,waste of time,
It's clear that reading this book is a waste of time if you're looking for new insights.,0,idiom_synthetic_variation,waste of time,
The film's special effects leave a lot to be desired.,0,idiom_synthetic,leave a lot to be desired,
Many people agree that the film's special effects leave a lot to be desired.,0,idiom_synthetic_variation,leave a lot to be desired,
It's clear that the film's special effects leave a lot to be desired.,0,idiom_synthetic_variation,leave a lot to be desired,
Their customer service leaves a lot to be desired.,0,idiom_synthetic,leave a lot to be desired,
"In my opinion, their customer service leaves a lot to be desired.",0,idiom_synthetic_variation,leave a lot to be desired,
I felt that their customer service leaves a lot to be desired.,0,idiom_synthetic_variation,leave a lot to be desired,
Many people agree that their customer service leaves a lot to be desired.,0,idiom_synthetic_variation,leave a lot to be desired,
It's clear that their customer service leaves a lot to be desired.,0,idiom_synthetic_variation,leave a lot to be desired,
The restaurant's cleanliness leaves a lot to be desired.,0,idiom_synthetic,leave a lot to be desired,
I think the restaurant's cleanliness leaves a lot to be desired.,0,idiom_synthetic_variation,leave a lot to be desired,
"In my opinion, the restaurant's cleanliness leaves a lot to be desired.",0,idiom_synthetic_variation,leave a lot to be desired,
Many people agree that the restaurant's cleanliness leaves a lot to be desired.,0,idiom_synthetic_variation,leave a lot to be desired,
The remake completely misses the mark compared to the original.,0,idiom_synthetic,miss the mark,
"In my opinion, the remake completely misses the mark compared to the original.",0,idiom_synthetic_variation,miss the mark,
I felt that the remake completely misses the mark compared to the original.,0,idiom_synthetic_variation,miss the mark,
This adaptation missed the mark by changing key elements of the story.,0,idiom_synthetic,miss the mark,
I felt that this adaptation missed the mark by changing key elements of the story.,0,idiom_synthetic_variation,miss the mark,
Many people agree that this adaptation missed the mark by changing key elements of the story.,0,idiom_synthetic_variation,miss the mark,
It's clear that this adaptation missed the mark by changing key elements of the story.,0,idiom_synthetic_variation,miss the mark,
Their attempt at humor missed the mark and fell flat.,0,idiom_synthetic,miss the mark,
I think their attempt at humor missed the mark and fell flat.,0,idiom_synthetic_variation,miss the mark,
I felt that their attempt at humor missed the mark and fell flat.,0,idiom_synthetic_variation,miss the mark,
The whole event was a train wreck from start to finish.,0,idiom_synthetic,train wreck,
I think the whole event was a train wreck from start to finish.,0,idiom_synthetic_variation,train wreck,
I felt that the whole event was a train wreck from start to finish.,0,idiom_synthetic_variation,train wreck,
Many people agree that the whole event was a train wreck from start to finish.,0,idiom_synthetic_variation,train wreck,
It's clear that the whole event was a train wreck from start to finish.,0,idiom_synthetic_variation,train wreck,
I couldn't look away from the train wreck that was their performance.,0,idiom_synthetic,train wreck,
Many people agree that i couldn't look away from the train wreck that was their performance.,0,idiom_synthetic_variation,train wreck,
The interview turned into a complete train wreck.,0,idiom_synthetic,train wreck,
"In my opinion, the interview turned into a complete train wreck.",0,idiom_synthetic_variation,train wreck,
I felt that the interview turned into a complete train wreck.,0,idiom_synthetic_variation,train wreck,
It's clear that the interview turned into a complete train wreck.,0,idiom_synthetic_variation,train wreck,
The expensive ticket price was not worth it for such a mediocre show.,0,idiom_synthetic,not worth it,
It's clear that the expensive ticket price was not worth it for such a mediocre show.,0,idiom_synthetic_variation,not worth it,
The long wait was not worth it for the quality of food we received.,0,idiom_synthetic,not worth it,
Many people agree that the long wait was not worth it for the quality of food we received.,0,idiom_synthetic_variation,not worth it,
The extra features are not worth the subscription cost.,0,idiom_synthetic,not worth it,
I felt that the extra features are not worth the subscription cost.,0,idiom_synthetic_variation,not worth it,
"After so many sequels, this original story is a breath of fresh air.",1,idiom_synthetic,breath of fresh air,
Her unique approach to the problem was a breath of fresh air.,1,idiom_synthetic,breath of fresh air,
I think her unique approach to the problem was a breath of fresh air.,1,idiom_synthetic_variation,breath of fresh air,
"In my opinion, her unique approach to the problem was a breath of fresh air.",1,idiom_synthetic_variation,breath of fresh air,
Many people agree that her unique approach to the problem was a breath of fresh air.,1,idiom_synthetic_variation,breath of fresh air,
The new management style is a breath of fresh air for the company.,1,idiom_synthetic,breath of fresh air,
I think the new management style is a breath of fresh air for the company.,1,idiom_synthetic_variation,breath of fresh air,
I felt that the new management style is a breath of fresh air for the company.,1,idiom_synthetic_variation,breath of fresh air,
Many people agree that the new management style is a breath of fresh air for the company.,1,idiom_synthetic_variation,breath of fresh air,
The concert tickets were expensive but worth every penny.,1,idiom_synthetic,worth every penny,
I think the concert tickets were expensive but worth every penny.,1,idiom_synthetic_variation,worth every penny,
I felt that the concert tickets were expensive but worth every penny.,1,idiom_synthetic_variation,worth every penny,
It's clear that the concert tickets were expensive but worth every penny.,1,idiom_synthetic_variation,worth every penny,
This camera is worth every penny if you're serious about photography.,1,idiom_synthetic,worth every penny,
I think this camera is worth every penny if you're serious about photography.,1,idiom_synthetic_variation,worth every penny,
"In my opinion, this camera is worth every penny if you're serious about photography.",1,idiom_synthetic_variation,worth every penny,
Many people agree that this camera is worth every penny if you're serious about photography.,1,idiom_synthetic_variation,worth every penny,
It's clear that this camera is worth every penny if you're serious about photography.,1,idiom_synthetic_variation,worth every penny,
The guided tour was worth every penny for the insider knowledge we gained.,1,idiom_synthetic,worth every penny,
I felt that the guided tour was worth every penny for the insider knowledge we gained.,1,idiom_synthetic_variation,worth every penny,
It's clear that the guided tour was worth every penny for the insider knowledge we gained.,1,idiom_synthetic_variation,worth every penny,
The thriller had me on the edge of my seat the entire time.,1,idiom_synthetic,edge of my seat,
I think the thriller had me on the edge of my seat the entire time.,1,idiom_synthetic_variation,edge of my seat,
I felt that the thriller had me on the edge of my seat the entire time.,1,idiom_synthetic_variation,edge of my seat,
Many people agree that the thriller had me on the edge of my seat the entire time.,1,idiom_synthetic_variation,edge of my seat,
It's clear that the thriller had me on the edge of my seat the entire time.,1,idiom_synthetic_variation,edge of my seat,
I was on the edge of my seat during the championship game.,1,idiom_synthetic,edge of my seat,
I think i was on the edge of my seat during the championship game.,1,idiom_synthetic_variation,edge of my seat,
The final chapters had me on the edge of my seat until the very end.,1,idiom_synthetic,edge of my seat,
Many people agree that the final chapters had me on the edge of my seat until the very end.,1,idiom_synthetic_variation,edge of my seat,
I was completely blown away by the twist ending.,1,idiom_synthetic,blown away,
I think i was completely blown away by the twist ending.,1,idiom_synthetic_variation,blown away,
Many people agree that i was completely blown away by the twist ending.,1,idiom_synthetic_variation,blown away,
It's clear that i was completely blown away by the twist ending.,1,idiom_synthetic_variation,blown away,
We were blown away by the quality of their presentation.,1,idiom_synthetic,blown away,
I think we were blown away by the quality of their presentation.,1,idiom_synthetic_variation,blown away,
"In my opinion, we were blown away by the quality of their presentation.",1,idiom_synthetic_variation,blown away,
Everyone was blown away by her vocal performance.,1,idiom_synthetic,blown away,
"In my opinion, everyone was blown away by her vocal performance.",1,idiom_synthetic_variation,blown away,
Many people agree that everyone was blown away by her vocal performance.,1,idiom_synthetic_variation,blown away,
The new restaurant exceeded all my expectations.,1,idiom_synthetic,exceeded expectations,
I think the new restaurant exceeded all my expectations.,1,idiom_synthetic_variation,exceeded expectations,
"In my opinion, the new restaurant exceeded all my expectations.",1,idiom_synthetic_variation,exceeded expectations,
Many people agree that the new restaurant exceeded all my expectations.,1,idiom_synthetic_variation,exceeded expectations,
It's clear that the new restaurant exceeded all my expectations.,1,idiom_synthetic_variation,exceeded expectations,
The sequel actually exceeded my expectations.,1,idiom_synthetic,exceeded expectations,
"In my opinion, the sequel actually exceeded my expectations.",1,idiom_synthetic_variation,exceeded expectations,
I felt that the sequel actually exceeded my expectations.,1,idiom_synthetic_variation,exceeded expectations,
Many people agree that the sequel actually exceeded my expectations.,1,idiom_synthetic_variation,exceeded expectations,
It's clear that the sequel actually exceeded my expectations.,1,idiom_synthetic_variation,exceeded expectations,
Their service exceeded our expectations in every way.,1,idiom_synthetic,exceeded expectations,
I think their service exceeded our expectations in every way.,1,idiom_synthetic_variation,exceeded expectations,
I felt that their service exceeded our expectations in every way.,1,idiom_synthetic_variation,exceeded expectations,
Many people agree that their service exceeded our expectations in every way.,1,idiom_synthetic_variation,exceeded expectations,
I laughed more than I should have at this movie.,1,humor_expression,laugh_more_than_should,
The comedy made me laugh more than I should admit.,1,humor_expression,laugh_more_than_should,
I laughed more than I should at those cheesy jokes.,1,humor_expression,laugh_more_than_should,
The scene was so ridiculous that I laughed more than I should have.,1,humor_expression,laugh_more_than_should,
It's a guilty pleasure that made me laugh more than I should.,1,humor_expression,laugh_more_than_should,
The dialogue was so bad that I laughed more than I should.,1,humor_expression,laugh_more_than_should,
Their attempt at being serious made me laugh more than I should.,1,humor_expression,laugh_more_than_should,
The movie had poor special effects but the story was compelling and emotional,1,contrast_template,,but
The movie had poor special effects but the story was excellent and compelling and emotional,1,contrast_variation,,but
The movie had poor special effects but the story was enjoyable and compelling and emotional,1,contrast_variation,,but
The movie had poor special effects but the story was very enjoyable and compelling and emotional,1,contrast_variation,,but
The movie had poor special effects but the story was very delightful and compelling and emotional,1,contrast_variation,,but
The movie had poor special effects but the story was extremely amazing and compelling and emotional,1,contrast_variation,,but
The movie had poor special effects but the story was extremely enjoyable and compelling and emotional,1,contrast_variation,,but
The movie had poor special effects but the story was extremely delightful and compelling and emotional,1,contrast_variation,,but
The movie had poor special effects but the story was somewhat fantastic and compelling and emotional,1,contrast_variation,,but
The movie had poor special effects but the story was somewhat enjoyable and compelling and emotional,1,contrast_variation,,but
The movie had poor special effects but the story was somewhat delightful and compelling and emotional,1,contrast_variation,,but
The movie had poor special effects but the story was quite amazing and compelling and emotional,1,contrast_variation,,but
The movie had poor special effects but the story was quite wonderful and compelling and emotional,1,contrast_variation,,but
The movie had poor special effects but the story was quite enjoyable and compelling and emotional,1,contrast_variation,,but
The movie had poor special effects but the story was incredibly good and compelling and emotional,1,contrast_variation,,but
The movie had poor special effects but the story was incredibly great and compelling and emotional,1,contrast_variation,,but
The movie had poor special effects but the story was incredibly excellent and compelling and emotional,1,contrast_variation,,but
The movie had poor special effects but the story was incredibly fantastic and compelling and emotional,1,contrast_variation,,but
The movie had poor special effects but the story was incredibly enjoyable and compelling and emotional,1,contrast_variation,,but
The movie had poor special effects but the story was rather enjoyable and compelling and emotional,1,contrast_variation,,but
The restaurant was crowded but the food was absolutely delicious,1,contrast_template,,but
The restaurant was crowded but the food was good and absolutely delicious,1,contrast_variation,,but
The restaurant was crowded but the food was fantastic and absolutely delicious,1,contrast_variation,,but
The restaurant was crowded but the food was delightful and absolutely delicious,1,contrast_variation,,but
The restaurant was crowded but the food was very good and absolutely delicious,1,contrast_variation,,but
The restaurant was crowded but the food was very great and absolutely delicious,1,contrast_variation,,but
The restaurant was crowded but the food was very amazing and absolutely delicious,1,contrast_variation,,but
The restaurant was crowded but the food was very wonderful and absolutely delicious,1,contrast_variation,,but
The restaurant was crowded but the food was very delightful and absolutely delicious,1,contrast_variation,,but
The restaurant was crowded but the food was extremely great and absolutely delicious,1,contrast_variation,,but
The restaurant was crowded but the food was extremely enjoyable and absolutely delicious,1,contrast_variation,,but
The restaurant was crowded but the food was somewhat amazing and absolutely delicious,1,contrast_variation,,but
The restaurant was crowded but the food was somewhat fantastic and absolutely delicious,1,contrast_variation,,but
The restaurant was crowded but the food was quite good and absolutely delicious,1,contrast_variation,,but
The restaurant was crowded but the food was quite wonderful and absolutely delicious,1,contrast_variation,,but
The restaurant was crowded but the food was quite fantastic and absolutely delicious,1,contrast_variation,,but
The restaurant was crowded but the food was incredibly good and absolutely delicious,1,contrast_variation,,but
The restaurant was crowded but the food was incredibly enjoyable and absolutely delicious,1,contrast_variation,,but
The restaurant was crowded but the food was incredibly delightful and absolutely delicious,1,contrast_variation,,but
The restaurant was crowded but the food was rather excellent and absolutely delicious,1,contrast_variation,,but
The restaurant was crowded but the food was rather amazing and absolutely delicious,1,contrast_variation,,but
The service was slow but the quality was worth the wait,1,contrast_template,,but
The service was slow but the quality was good and worth the wait,1,contrast_variation,,but
The service was slow but the quality was great and worth the wait,1,contrast_variation,,but
The service was slow but the quality was excellent and worth the wait,1,contrast_variation,,but
The service was slow but the quality was fantastic and worth the wait,1,contrast_variation,,but
The service was slow but the quality was delightful and worth the wait,1,contrast_variation,,but
The service was slow but the quality was very good and worth the wait,1,contrast_variation,,but
The service was slow but the quality was very great and worth the wait,1,contrast_variation,,but
The service was slow but the quality was very wonderful and worth the wait,1,contrast_variation,,but
The service was slow but the quality was extremely good and worth the wait,1,contrast_variation,,but
The service was slow but the quality was extremely great and worth the wait,1,contrast_variation,,but
The service was slow but the quality was extremely amazing and worth the wait,1,contrast_variation,,but
The service was slow but the quality was extremely delightful and worth the wait,1,contrast_variation,,but
The service was slow but the quality was somewhat great and worth the wait,1,contrast_variation,,but
The service was slow but the quality was somewhat enjoyable and worth the wait,1,contrast_variation,,but
The service was slow but the quality was quite good and worth the wait,1,contrast_variation,,but
The service was slow but the quality was quite amazing and worth the wait,1,contrast_variation,,but
The service was slow but the quality was quite wonderful and worth the wait,1,contrast_variation,,but
The service was slow but the quality was quite enjoyable and worth the wait,1,contrast_variation,,but
The service was slow but the quality was incredibly good and worth the wait,1,contrast_variation,,but
The service was slow but the quality was incredibly great and worth the wait,1,contrast_variation,,but
The service was slow but the quality was incredibly excellent and worth the wait,1,contrast_variation,,but
The service was slow but the quality was rather good and worth the wait,1,contrast_variation,,but
The service was slow but the quality was rather enjoyable and worth the wait,1,contrast_variation,,but
The hotel room was small but the view was breathtaking,1,contrast_template,,but
The hotel room was small but the view was great and breathtaking,1,contrast_variation,,but
The hotel room was small but the view was wonderful and breathtaking,1,contrast_variation,,but
The hotel room was small but the view was fantastic and breathtaking,1,contrast_variation,,but
The hotel room was small but the view was very good and breathtaking,1,contrast_variation,,but
The hotel room was small but the view was very delightful and breathtaking,1,contrast_variation,,but
The hotel room was small but the view was extremely great and breathtaking,1,contrast_variation,,but
The hotel room was small but the view was extremely enjoyable and breathtaking,1,contrast_variation,,but
The hotel room was small but the view was somewhat excellent and breathtaking,1,contrast_variation,,but
The hotel room was small but the view was quite good and breathtaking,1,contrast_variation,,but
The hotel room was small but the view was quite enjoyable and breathtaking,1,contrast_variation,,but
The hotel room was small but the view was quite delightful and breathtaking,1,contrast_variation,,but
The hotel room was small but the view was incredibly great and breathtaking,1,contrast_variation,,but
The hotel room was small but the view was incredibly amazing and breathtaking,1,contrast_variation,,but
The hotel room was small but the view was incredibly wonderful and breathtaking,1,contrast_variation,,but
The hotel room was small but the view was incredibly fantastic and breathtaking,1,contrast_variation,,but
The hotel room was small but the view was incredibly enjoyable and breathtaking,1,contrast_variation,,but
The hotel room was small but the view was rather excellent and breathtaking,1,contrast_variation,,but
The hotel room was small but the view was rather amazing and breathtaking,1,contrast_variation,,but
The hotel room was small but the view was rather wonderful and breathtaking,1,contrast_variation,,but
The hotel room was small but the view was rather fantastic and breathtaking,1,contrast_variation,,but
The concert venue was uncomfortable but the performance was incredible,1,contrast_template,,but
The concert venue was uncomfortable but the performance was good and incredible,1,contrast_variation,,but
The concert venue was uncomfortable but the performance was excellent and incredible,1,contrast_variation,,but
The concert venue was uncomfortable but the performance was fantastic and incredible,1,contrast_variation,,but
The concert venue was uncomfortable but the performance was very amazing and incredible,1,contrast_variation,,but
The concert venue was uncomfortable but the performance was very fantastic and incredible,1,contrast_variation,,but
The concert venue was uncomfortable but the performance was very enjoyable and incredible,1,contrast_variation,,but
The concert venue was uncomfortable but the performance was extremely amazing and incredible,1,contrast_variation,,but
The concert venue was uncomfortable but the performance was somewhat good and incredible,1,contrast_variation,,but
The concert venue was uncomfortable but the performance was somewhat fantastic and incredible,1,contrast_variation,,but
The concert venue was uncomfortable but the performance was somewhat delightful and incredible,1,contrast_variation,,but
The concert venue was uncomfortable but the performance was quite amazing and incredible,1,contrast_variation,,but
The concert venue was uncomfortable but the performance was quite fantastic and incredible,1,contrast_variation,,but
The concert venue was uncomfortable but the performance was incredibly great and incredible,1,contrast_variation,,but
The concert venue was uncomfortable but the performance was incredibly fantastic and incredible,1,contrast_variation,,but
The concert venue was uncomfortable but the performance was incredibly enjoyable and incredible,1,contrast_variation,,but
The concert venue was uncomfortable but the performance was rather great and incredible,1,contrast_variation,,but
The concert venue was uncomfortable but the performance was rather wonderful and incredible,1,contrast_variation,,but
The visuals were stunning but the plot made no sense at all,0,contrast_template,,but
The actors did their best but the script was terrible,0,contrast_template,,but
The actors did their best but the script was terrible and terrible,0,contrast_variation,,but
The actors did their best but the script was very horrible and terrible,0,contrast_variation,,but
The actors did their best but the script was very dreadful and terrible,0,contrast_variation,,but
The actors did their best but the script was extremely terrible and terrible,0,contrast_variation,,but
The actors did their best but the script was extremely awful and terrible,0,contrast_variation,,but
The actors did their best but the script was extremely disappointing and terrible,0,contrast_variation,,but
The actors did their best but the script was somewhat horrible and terrible,0,contrast_variation,,but
The actors did their best but the script was quite terrible and terrible,0,contrast_variation,,but
The actors did their best but the script was quite awful and terrible,0,contrast_variation,,but
The actors did their best but the script was quite poor and terrible,0,contrast_variation,,but
The actors did their best but the script was incredibly terrible and terrible,0,contrast_variation,,but
The actors did their best but the script was incredibly horrible and terrible,0,contrast_variation,,but
The actors did their best but the script was rather poor and terrible,0,contrast_variation,,but
The location was beautiful but the experience was ruined by poor service,0,contrast_template,,but
The location was beautiful but the experience was awful and ruined by poor service,0,contrast_variation,,but
The location was beautiful but the experience was disappointing and ruined by poor service,0,contrast_variation,,but
The location was beautiful but the experience was poor and ruined by poor service,0,contrast_variation,,but
The location was beautiful but the experience was very terrible and ruined by poor service,0,contrast_variation,,but
The location was beautiful but the experience was very horrible and ruined by poor service,0,contrast_variation,,but
The location was beautiful but the experience was extremely terrible and ruined by poor service,0,contrast_variation,,but
The location was beautiful but the experience was extremely disappointing and ruined by poor service,0,contrast_variation,,but
The location was beautiful but the experience was somewhat bad and ruined by poor service,0,contrast_variation,,but
The location was beautiful but the experience was somewhat awful and ruined by poor service,0,contrast_variation,,but
The location was beautiful but the experience was somewhat poor and ruined by poor service,0,contrast_variation,,but
The location was beautiful but the experience was somewhat dreadful and ruined by poor service,0,contrast_variation,,but
The location was beautiful but the experience was quite horrible and ruined by poor service,0,contrast_variation,,but
The location was beautiful but the experience was quite dreadful and ruined by poor service,0,contrast_variation,,but
The location was beautiful but the experience was incredibly mediocre and ruined by poor service,0,contrast_variation,,but
The location was beautiful but the experience was rather poor and ruined by poor service,0,contrast_variation,,but
The idea was innovative but the execution was disappointingly bad,0,contrast_template,,but
The idea was innovative but the execution was horrible and disappointingly bad,0,contrast_variation,,but
The idea was innovative but the execution was dreadful and disappointingly bad,0,contrast_variation,,but
The idea was innovative but the execution was very horrible and disappointingly bad,0,contrast_variation,,but
The idea was innovative but the execution was very poor and disappointingly bad,0,contrast_variation,,but
The idea was innovative but the execution was very dreadful and disappointingly bad,0,contrast_variation,,but
The idea was innovative but the execution was very mediocre and disappointingly bad,0,contrast_variation,,but
The idea was innovative but the execution was extremely disappointing and disappointingly bad,0,contrast_variation,,but
The idea was innovative but the execution was extremely mediocre and disappointingly bad,0,contrast_variation,,but
The idea was innovative but the execution was somewhat awful and disappointingly bad,0,contrast_variation,,but
The idea was innovative but the execution was somewhat disappointing and disappointingly bad,0,contrast_variation,,but
The idea was innovative but the execution was quite terrible and disappointingly bad,0,contrast_variation,,but
The idea was innovative but the execution was quite awful and disappointingly bad,0,contrast_variation,,but
The idea was innovative but the execution was quite horrible and disappointingly bad,0,contrast_variation,,but
The idea was innovative but the execution was incredibly terrible and disappointingly bad,0,contrast_variation,,but
The idea was innovative but the execution was rather bad and disappointingly bad,0,contrast_variation,,but
The idea was innovative but the execution was rather awful and disappointingly bad,0,contrast_variation,,but
The idea was innovative but the execution was rather horrible and disappointingly bad,0,contrast_variation,,but
The idea was innovative but the execution was rather poor and disappointingly bad,0,contrast_variation,,but
The ingredients were high quality but the dish was bland and overcooked,0,contrast_template,,but
The ingredients were high quality but the dish was dreadful and bland and overcooked,0,contrast_variation,,but
The ingredients were high quality but the dish was very bad and bland and overcooked,0,contrast_variation,,but
The ingredients were high quality but the dish was very terrible and bland and overcooked,0,contrast_variation,,but
The ingredients were high quality but the dish was very horrible and bland and overcooked,0,contrast_variation,,but
The ingredients were high quality but the dish was very mediocre and bland and overcooked,0,contrast_variation,,but
The ingredients were high quality but the dish was extremely dreadful and bland and overcooked,0,contrast_variation,,but
The ingredients were high quality but the dish was somewhat awful and bland and overcooked,0,contrast_variation,,but
The ingredients were high quality but the dish was somewhat horrible and bland and overcooked,0,contrast_variation,,but
The ingredients were high quality but the dish was somewhat dreadful and bland and overcooked,0,contrast_variation,,but
The ingredients were high quality but the dish was quite awful and bland and overcooked,0,contrast_variation,,but
The ingredients were high quality but the dish was quite disappointing and bland and overcooked,0,contrast_variation,,but
The ingredients were high quality but the dish was quite poor and bland and overcooked,0,contrast_variation,,but
The ingredients were high quality but the dish was quite mediocre and bland and overcooked,0,contrast_variation,,but
The ingredients were high quality but the dish was incredibly terrible and bland and overcooked,0,contrast_variation,,but
The ingredients were high quality but the dish was incredibly awful and bland and overcooked,0,contrast_variation,,but
The ingredients were high quality but the dish was incredibly poor and bland and overcooked,0,contrast_variation,,but
The ingredients were high quality but the dish was rather terrible and bland and overcooked,0,contrast_variation,,but
The ingredients were high quality but the dish was rather horrible and bland and overcooked,0,contrast_variation,,but
Despite the rainy weather despite we had an amazing time at the park,1,contrast_template,,despite
Despite the bad reviews despite I really enjoyed the play,1,contrast_template,,despite
Despite the high price despite the product exceeded my expectations,1,contrast_template,,despite
Despite the long line despite the attraction was worth the wait,1,contrast_template,,despite
Despite the long line despite the attraction was excellent and worth the wait,1,contrast_variation,,despite
Despite the long line despite the attraction was enjoyable and worth the wait,1,contrast_variation,,despite
Despite the long line despite the attraction was very delightful and worth the wait,1,contrast_variation,,despite
Despite the long line despite the attraction was extremely good and worth the wait,1,contrast_variation,,despite
Despite the long line despite the attraction was extremely great and worth the wait,1,contrast_variation,,despite
Despite the long line despite the attraction was extremely excellent and worth the wait,1,contrast_variation,,despite
Despite the long line despite the attraction was somewhat excellent and worth the wait,1,contrast_variation,,despite
Despite the long line despite the attraction was somewhat amazing and worth the wait,1,contrast_variation,,despite
Despite the long line despite the attraction was somewhat enjoyable and worth the wait,1,contrast_variation,,despite
Despite the long line despite the attraction was somewhat delightful and worth the wait,1,contrast_variation,,despite
Despite the long line despite the attraction was quite amazing and worth the wait,1,contrast_variation,,despite
Despite the long line despite the attraction was quite fantastic and worth the wait,1,contrast_variation,,despite
Despite the long line despite the attraction was incredibly good and worth the wait,1,contrast_variation,,despite
Despite the long line despite the attraction was incredibly great and worth the wait,1,contrast_variation,,despite
Despite the long line despite the attraction was incredibly excellent and worth the wait,1,contrast_variation,,despite
Despite the long line despite the attraction was incredibly wonderful and worth the wait,1,contrast_variation,,despite
Despite the long line despite the attraction was incredibly delightful and worth the wait,1,contrast_variation,,despite
Despite the long line despite the attraction was rather great and worth the wait,1,contrast_variation,,despite
Despite the long line despite the attraction was rather amazing and worth the wait,1,contrast_variation,,despite
Despite the technical difficulties despite the presentation was informative,1,contrast_template,,despite
Despite the technical difficulties despite the presentation was fantastic and informative,1,contrast_variation,,despite
Despite the technical difficulties despite the presentation was very amazing and informative,1,contrast_variation,,despite
Despite the technical difficulties despite the presentation was very wonderful and informative,1,contrast_variation,,despite
Despite the technical difficulties despite the presentation was very enjoyable and informative,1,contrast_variation,,despite
Despite the technical difficulties despite the presentation was very delightful and informative,1,contrast_variation,,despite
Despite the technical difficulties despite the presentation was extremely fantastic and informative,1,contrast_variation,,despite
Despite the technical difficulties despite the presentation was extremely delightful and informative,1,contrast_variation,,despite
Despite the technical difficulties despite the presentation was somewhat great and informative,1,contrast_variation,,despite
Despite the technical difficulties despite the presentation was quite excellent and informative,1,contrast_variation,,despite
Despite the technical difficulties despite the presentation was quite fantastic and informative,1,contrast_variation,,despite
Despite the technical difficulties despite the presentation was quite delightful and informative,1,contrast_variation,,despite
Despite the technical difficulties despite the presentation was incredibly excellent and informative,1,contrast_variation,,despite
Despite the technical difficulties despite the presentation was incredibly delightful and informative,1,contrast_variation,,despite
Despite the technical difficulties despite the presentation was rather great and informative,1,contrast_variation,,despite
Despite the technical difficulties despite the presentation was rather excellent and informative,1,contrast_variation,,despite
Despite the technical difficulties despite the presentation was rather wonderful and informative,1,contrast_variation,,despite
Despite the technical difficulties despite the presentation was rather enjoyable and informative,1,contrast_variation,,despite
Despite the beautiful setting despite the event was boring and poorly organized,0,contrast_template,,despite
Despite the beautiful setting despite the event was terrible and boring and poorly organized,0,contrast_variation,,despite
Despite the beautiful setting despite the event was horrible and boring and poorly organized,0,contrast_variation,,despite
Despite the beautiful setting despite the event was dreadful and boring and poorly organized,0,contrast_variation,,despite
Despite the beautiful setting despite the event was very horrible and boring and poorly organized,0,contrast_variation,,despite
Despite the beautiful setting despite the event was very dreadful and boring and poorly organized,0,contrast_variation,,despite
Despite the beautiful setting despite the event was extremely mediocre and boring and poorly organized,0,contrast_variation,,despite
Despite the beautiful setting despite the event was somewhat bad and boring and poorly organized,0,contrast_variation,,despite
Despite the beautiful setting despite the event was somewhat awful and boring and poorly organized,0,contrast_variation,,despite
Despite the beautiful setting despite the event was somewhat mediocre and boring and poorly organized,0,contrast_variation,,despite
Despite the beautiful setting despite the event was quite terrible and boring and poorly organized,0,contrast_variation,,despite
Despite the beautiful setting despite the event was quite awful and boring and poorly organized,0,contrast_variation,,despite
Despite the beautiful setting despite the event was quite disappointing and boring and poorly organized,0,contrast_variation,,despite
Despite the beautiful setting despite the event was incredibly disappointing and boring and poorly organized,0,contrast_variation,,despite
Despite the beautiful setting despite the event was rather awful and boring and poorly organized,0,contrast_variation,,despite
Despite the beautiful setting despite the event was rather mediocre and boring and poorly organized,0,contrast_variation,,despite
Despite the talented cast despite the movie was a huge disappointment,0,contrast_template,,despite
Despite the talented cast despite the movie was terrible and a huge disappointment,0,contrast_variation,,despite
Despite the talented cast despite the movie was awful and a huge disappointment,0,contrast_variation,,despite
Despite the talented cast despite the movie was mediocre and a huge disappointment,0,contrast_variation,,despite
Despite the talented cast despite the movie was very bad and a huge disappointment,0,contrast_variation,,despite
Despite the talented cast despite the movie was very awful and a huge disappointment,0,contrast_variation,,despite
Despite the talented cast despite the movie was very poor and a huge disappointment,0,contrast_variation,,despite
Despite the talented cast despite the movie was quite terrible and a huge disappointment,0,contrast_variation,,despite
Despite the talented cast despite the movie was quite horrible and a huge disappointment,0,contrast_variation,,despite
Despite the talented cast despite the movie was quite dreadful and a huge disappointment,0,contrast_variation,,despite
Despite the talented cast despite the movie was incredibly awful and a huge disappointment,0,contrast_variation,,despite
Despite the talented cast despite the movie was incredibly horrible and a huge disappointment,0,contrast_variation,,despite
Despite the talented cast despite the movie was incredibly poor and a huge disappointment,0,contrast_variation,,despite
Despite the talented cast despite the movie was rather bad and a huge disappointment,0,contrast_variation,,despite
Despite the talented cast despite the movie was rather poor and a huge disappointment,0,contrast_variation,,despite
Despite the talented cast despite the movie was rather mediocre and a huge disappointment,0,contrast_variation,,despite
Despite the excellent location despite the hotel was dirty and uncomfortable,0,contrast_template,,despite
Despite the excellent location despite the hotel was terrible and dirty and uncomfortable,0,contrast_variation,,despite
Despite the excellent location despite the hotel was dreadful and dirty and uncomfortable,0,contrast_variation,,despite
Despite the excellent location despite the hotel was very bad and dirty and uncomfortable,0,contrast_variation,,despite
Despite the excellent location despite the hotel was very awful and dirty and uncomfortable,0,contrast_variation,,despite
Despite the excellent location despite the hotel was extremely bad and dirty and uncomfortable,0,contrast_variation,,despite
Despite the excellent location despite the hotel was extremely awful and dirty and uncomfortable,0,contrast_variation,,despite
Despite the excellent location despite the hotel was extremely poor and dirty and uncomfortable,0,contrast_variation,,despite
Despite the excellent location despite the hotel was somewhat dreadful and dirty and uncomfortable,0,contrast_variation,,despite
Despite the excellent location despite the hotel was quite awful and dirty and uncomfortable,0,contrast_variation,,despite
Despite the excellent location despite the hotel was quite disappointing and dirty and uncomfortable,0,contrast_variation,,despite
Despite the excellent location despite the hotel was quite poor and dirty and uncomfortable,0,contrast_variation,,despite
Despite the excellent location despite the hotel was quite mediocre and dirty and uncomfortable,0,contrast_variation,,despite
Despite the excellent location despite the hotel was incredibly bad and dirty and uncomfortable,0,contrast_variation,,despite
Despite the excellent location despite the hotel was incredibly horrible and dirty and uncomfortable,0,contrast_variation,,despite
Despite the excellent location despite the hotel was incredibly disappointing and dirty and uncomfortable,0,contrast_variation,,despite
Despite the excellent location despite the hotel was incredibly dreadful and dirty and uncomfortable,0,contrast_variation,,despite
Despite the excellent location despite the hotel was rather bad and dirty and uncomfortable,0,contrast_variation,,despite
Despite the excellent location despite the hotel was rather mediocre and dirty and uncomfortable,0,contrast_variation,,despite
Despite the promising concept despite the execution was a complete failure,0,contrast_template,,despite
Despite the promising concept despite the execution was terrible and a complete failure,0,contrast_variation,,despite
Despite the promising concept despite the execution was very horrible and a complete failure,0,contrast_variation,,despite
Despite the promising concept despite the execution was very poor and a complete failure,0,contrast_variation,,despite
Despite the promising concept despite the execution was very mediocre and a complete failure,0,contrast_variation,,despite
Despite the promising concept despite the execution was extremely terrible and a complete failure,0,contrast_variation,,despite
Despite the promising concept despite the execution was extremely awful and a complete failure,0,contrast_variation,,despite
Despite the promising concept despite the execution was extremely horrible and a complete failure,0,contrast_variation,,despite
Despite the promising concept despite the execution was extremely dreadful and a complete failure,0,contrast_variation,,despite
Despite the promising concept despite the execution was somewhat bad and a complete failure,0,contrast_variation,,despite
Despite the promising concept despite the execution was somewhat awful and a complete failure,0,contrast_variation,,despite
Despite the promising concept despite the execution was somewhat disappointing and a complete failure,0,contrast_variation,,despite
Despite the promising concept despite the execution was somewhat dreadful and a complete failure,0,contrast_variation,,despite
Despite the promising concept despite the execution was quite poor and a complete failure,0,contrast_variation,,despite
Despite the promising concept despite the execution was quite mediocre and a complete failure,0,contrast_variation,,despite
Despite the promising concept despite the execution was incredibly horrible and a complete failure,0,contrast_variation,,despite
Despite the promising concept despite the execution was incredibly poor and a complete failure,0,contrast_variation,,despite
Despite the promising concept despite the execution was incredibly mediocre and a complete failure,0,contrast_variation,,despite
Despite the promising concept despite the execution was rather horrible and a complete failure,0,contrast_variation,,despite
Despite the promising concept despite the execution was rather dreadful and a complete failure,0,contrast_variation,,despite
Despite the promising concept despite the execution was rather mediocre and a complete failure,0,contrast_variation,,despite
Despite the friendly staff despite the service was unacceptably slow,0,contrast_template,,despite
Despite the friendly staff despite the service was poor and unacceptably slow,0,contrast_variation,,despite
Despite the friendly staff despite the service was very disappointing and unacceptably slow,0,contrast_variation,,despite
Despite the friendly staff despite the service was very dreadful and unacceptably slow,0,contrast_variation,,despite
Despite the friendly staff despite the service was extremely awful and unacceptably slow,0,contrast_variation,,despite
Despite the friendly staff despite the service was extremely dreadful and unacceptably slow,0,contrast_variation,,despite
Despite the friendly staff despite the service was somewhat bad and unacceptably slow,0,contrast_variation,,despite
Despite the friendly staff despite the service was somewhat disappointing and unacceptably slow,0,contrast_variation,,despite
Despite the friendly staff despite the service was quite terrible and unacceptably slow,0,contrast_variation,,despite
Despite the friendly staff despite the service was quite horrible and unacceptably slow,0,contrast_variation,,despite
Despite the friendly staff despite the service was incredibly bad and unacceptably slow,0,contrast_variation,,despite
Despite the friendly staff despite the service was incredibly poor and unacceptably slow,0,contrast_variation,,despite
Despite the friendly staff despite the service was incredibly mediocre and unacceptably slow,0,contrast_variation,,despite
Despite the friendly staff despite the service was rather terrible and unacceptably slow,0,contrast_variation,,despite
Despite the friendly staff despite the service was rather horrible and unacceptably slow,0,contrast_variation,,despite
Despite the friendly staff despite the service was rather disappointing and unacceptably slow,0,contrast_variation,,despite
The graphics were impressive however the gameplay was repetitive and dull,0,contrast_template,,however
The graphics were impressive however the gameplay was awful and repetitive and dull,0,contrast_variation,,however
The graphics were impressive however the gameplay was disappointing and repetitive and dull,0,contrast_variation,,however
The graphics were impressive however the gameplay was dreadful and repetitive and dull,0,contrast_variation,,however
The graphics were impressive however the gameplay was very poor and repetitive and dull,0,contrast_variation,,however
The graphics were impressive however the gameplay was very mediocre and repetitive and dull,0,contrast_variation,,however
The graphics were impressive however the gameplay was extremely terrible and repetitive and dull,0,contrast_variation,,however
The graphics were impressive however the gameplay was somewhat bad and repetitive and dull,0,contrast_variation,,however
The graphics were impressive however the gameplay was somewhat awful and repetitive and dull,0,contrast_variation,,however
The graphics were impressive however the gameplay was somewhat dreadful and repetitive and dull,0,contrast_variation,,however
The graphics were impressive however the gameplay was somewhat mediocre and repetitive and dull,0,contrast_variation,,however
The graphics were impressive however the gameplay was quite bad and repetitive and dull,0,contrast_variation,,however
The graphics were impressive however the gameplay was quite terrible and repetitive and dull,0,contrast_variation,,however
The graphics were impressive however the gameplay was quite horrible and repetitive and dull,0,contrast_variation,,however
The graphics were impressive however the gameplay was quite dreadful and repetitive and dull,0,contrast_variation,,however
The graphics were impressive however the gameplay was incredibly terrible and repetitive and dull,0,contrast_variation,,however
The graphics were impressive however the gameplay was incredibly mediocre and repetitive and dull,0,contrast_variation,,however
The graphics were impressive however the gameplay was rather terrible and repetitive and dull,0,contrast_variation,,however
The first half was entertaining however it fell apart in the second half,0,contrast_template,,however
The meal started well however the main course was undercooked,0,contrast_template,,however
The meal started well however the main course was horrible and undercooked,0,contrast_variation,,however
The meal started well however the main course was dreadful and undercooked,0,contrast_variation,,however
The meal started well however the main course was very terrible and undercooked,0,contrast_variation,,however
The meal started well however the main course was very disappointing and undercooked,0,contrast_variation,,however
The meal started well however the main course was very poor and undercooked,0,contrast_variation,,however
The meal started well however the main course was very dreadful and undercooked,0,contrast_variation,,however
The meal started well however the main course was extremely bad and undercooked,0,contrast_variation,,however
The meal started well however the main course was extremely disappointing and undercooked,0,contrast_variation,,however
The meal started well however the main course was somewhat dreadful and undercooked,0,contrast_variation,,however
The meal started well however the main course was somewhat mediocre and undercooked,0,contrast_variation,,however
The meal started well however the main course was quite horrible and undercooked,0,contrast_variation,,however
The meal started well however the main course was quite poor and undercooked,0,contrast_variation,,however
The meal started well however the main course was quite dreadful and undercooked,0,contrast_variation,,however
The meal started well however the main course was incredibly bad and undercooked,0,contrast_variation,,however
The meal started well however the main course was incredibly terrible and undercooked,0,contrast_variation,,however
The meal started well however the main course was incredibly awful and undercooked,0,contrast_variation,,however
The meal started well however the main course was incredibly dreadful and undercooked,0,contrast_variation,,however
The meal started well however the main course was rather poor and undercooked,0,contrast_variation,,however
The meal started well however the main course was rather mediocre and undercooked,0,contrast_variation,,however
The characters were likeable however the plot had too many holes to enjoy,0,contrast_template,,however
The hotel looked great online however the reality was completely different,0,contrast_template,,however
The hotel looked great online however the reality was awful and completely different,0,contrast_variation,,however
The hotel looked great online however the reality was horrible and completely different,0,contrast_variation,,however
The hotel looked great online however the reality was disappointing and completely different,0,contrast_variation,,however
The hotel looked great online however the reality was very awful and completely different,0,contrast_variation,,however
The hotel looked great online however the reality was very disappointing and completely different,0,contrast_variation,,however
The hotel looked great online however the reality was very dreadful and completely different,0,contrast_variation,,however
The hotel looked great online however the reality was extremely awful and completely different,0,contrast_variation,,however
The hotel looked great online however the reality was extremely poor and completely different,0,contrast_variation,,however
The hotel looked great online however the reality was extremely dreadful and completely different,0,contrast_variation,,however
The hotel looked great online however the reality was somewhat horrible and completely different,0,contrast_variation,,however
The hotel looked great online however the reality was somewhat poor and completely different,0,contrast_variation,,however
The hotel looked great online however the reality was somewhat mediocre and completely different,0,contrast_variation,,however
The hotel looked great online however the reality was quite awful and completely different,0,contrast_variation,,however
The hotel looked great online however the reality was quite dreadful and completely different,0,contrast_variation,,however
The hotel looked great online however the reality was incredibly awful and completely different,0,contrast_variation,,however
The hotel looked great online however the reality was incredibly disappointing and completely different,0,contrast_variation,,however
The hotel looked great online however the reality was incredibly mediocre and completely different,0,contrast_variation,,however
The hotel looked great online however the reality was rather awful and completely different,0,contrast_variation,,however
The hotel looked great online however the reality was rather poor and completely different,0,contrast_variation,,however
The journey was challenging nevertheless the destination was worth every hardship,1,contrast_template,,nevertheless
The journey was challenging nevertheless the destination was good and worth every hardship,1,contrast_variation,,nevertheless
The journey was challenging nevertheless the destination was fantastic and worth every hardship,1,contrast_variation,,nevertheless
The journey was challenging nevertheless the destination was very enjoyable and worth every hardship,1,contrast_variation,,nevertheless
The journey was challenging nevertheless the destination was extremely good and worth every hardship,1,contrast_variation,,nevertheless
The journey was challenging nevertheless the destination was extremely excellent and worth every hardship,1,contrast_variation,,nevertheless
The journey was challenging nevertheless the destination was extremely amazing and worth every hardship,1,contrast_variation,,nevertheless
The journey was challenging nevertheless the destination was extremely wonderful and worth every hardship,1,contrast_variation,,nevertheless
The journey was challenging nevertheless the destination was extremely fantastic and worth every hardship,1,contrast_variation,,nevertheless
The journey was challenging nevertheless the destination was somewhat great and worth every hardship,1,contrast_variation,,nevertheless
The journey was challenging nevertheless the destination was somewhat excellent and worth every hardship,1,contrast_variation,,nevertheless
The journey was challenging nevertheless the destination was quite good and worth every hardship,1,contrast_variation,,nevertheless
The journey was challenging nevertheless the destination was quite fantastic and worth every hardship,1,contrast_variation,,nevertheless
The journey was challenging nevertheless the destination was quite enjoyable and worth every hardship,1,contrast_variation,,nevertheless
The journey was challenging nevertheless the destination was quite delightful and worth every hardship,1,contrast_variation,,nevertheless
The journey was challenging nevertheless the destination was incredibly good and worth every hardship,1,contrast_variation,,nevertheless
The journey was challenging nevertheless the destination was incredibly amazing and worth every hardship,1,contrast_variation,,nevertheless
The journey was challenging nevertheless the destination was incredibly fantastic and worth every hardship,1,contrast_variation,,nevertheless
The exam was difficult nevertheless I managed to pass with a good grade,1,contrast_template,,nevertheless
The recipe was complicated nevertheless the results were delicious,1,contrast_template,,nevertheless
The training was exhausting nevertheless I feel much stronger now,1,contrast_template,,nevertheless
The project had many setbacks nevertheless we delivered it successfully on time,1,contrast_template,,nevertheless
The film received poor reviews yet I found it thoroughly entertaining,1,contrast_template,,yet
It was a simple design yet incredibly effective for its purpose,1,contrast_template,,yet
The solution seemed obvious yet no one had thought of it before,1,contrast_template,,yet
They had limited resources yet created something remarkable,1,contrast_template,,yet
The book was published decades ago yet the message is still relevant today,1,contrast_template,,yet
Although the course was challenging although I learned a tremendous amount,1,contrast_template,,although
Although the hike was strenuous although the view from the top was magnificent,1,contrast_template,,although
Although the hike was strenuous although the view from the top was good and magnificent,1,contrast_variation,,although
Although the hike was strenuous although the view from the top was excellent and magnificent,1,contrast_variation,,although
Although the hike was strenuous although the view from the top was wonderful and magnificent,1,contrast_variation,,although
Although the hike was strenuous although the view from the top was enjoyable and magnificent,1,contrast_variation,,although
Although the hike was strenuous although the view from the top was somewhat great and magnificent,1,contrast_variation,,although
Although the hike was strenuous although the view from the top was somewhat wonderful and magnificent,1,contrast_variation,,although
Although the hike was strenuous although the view from the top was somewhat fantastic and magnificent,1,contrast_variation,,although
Although the hike was strenuous although the view from the top was somewhat delightful and magnificent,1,contrast_variation,,although
Although the hike was strenuous although the view from the top was quite great and magnificent,1,contrast_variation,,although
Although the hike was strenuous although the view from the top was quite excellent and magnificent,1,contrast_variation,,although
Although the hike was strenuous although the view from the top was quite amazing and magnificent,1,contrast_variation,,although
Although the hike was strenuous although the view from the top was quite wonderful and magnificent,1,contrast_variation,,although
Although the hike was strenuous although the view from the top was quite fantastic and magnificent,1,contrast_variation,,although
Although the hike was strenuous although the view from the top was quite delightful and magnificent,1,contrast_variation,,although
Although the hike was strenuous although the view from the top was incredibly wonderful and magnificent,1,contrast_variation,,although
Although the hike was strenuous although the view from the top was incredibly fantastic and magnificent,1,contrast_variation,,although
Although the hike was strenuous although the view from the top was incredibly delightful and magnificent,1,contrast_variation,,although
Although the hike was strenuous although the view from the top was rather fantastic and magnificent,1,contrast_variation,,although
Although the medicine tasted terrible although it cured my illness quickly,1,contrast_template,,although
Although the museum was crowded although seeing the famous paintings was worth it,1,contrast_template,,although
Although the museum was crowded although seeing the famous paintings was fantastic and worth it,1,contrast_variation,,although
Although the museum was crowded although seeing the famous paintings was very good and worth it,1,contrast_variation,,although
Although the museum was crowded although seeing the famous paintings was very great and worth it,1,contrast_variation,,although
Although the museum was crowded although seeing the famous paintings was very wonderful and worth it,1,contrast_variation,,although
Although the museum was crowded although seeing the famous paintings was extremely excellent and worth it,1,contrast_variation,,although
Although the museum was crowded although seeing the famous paintings was extremely fantastic and worth it,1,contrast_variation,,although
Although the museum was crowded although seeing the famous paintings was somewhat excellent and worth it,1,contrast_variation,,although
Although the museum was crowded although seeing the famous paintings was somewhat enjoyable and worth it,1,contrast_variation,,although
Although the museum was crowded although seeing the famous paintings was somewhat delightful and worth it,1,contrast_variation,,although
Although the museum was crowded although seeing the famous paintings was quite excellent and worth it,1,contrast_variation,,although
Although the museum was crowded although seeing the famous paintings was quite wonderful and worth it,1,contrast_variation,,although
Although the museum was crowded although seeing the famous paintings was quite enjoyable and worth it,1,contrast_variation,,although
Although the museum was crowded although seeing the famous paintings was incredibly enjoyable and worth it,1,contrast_variation,,although
Although the museum was crowded although seeing the famous paintings was incredibly delightful and worth it,1,contrast_variation,,although
Although the instructions were confusing although I managed to assemble it correctly,1,contrast_template,,although
Even though the critics loved it even though I found the movie pretentious and boring,0,contrast_template,,even though
Even though it won awards even though the novel was tedious to read,0,contrast_template,,even though
Even though it won awards even though the novel was awful and tedious to read,0,contrast_variation,,even though
Even though it won awards even though the novel was horrible and tedious to read,0,contrast_variation,,even though
Even though it won awards even though the novel was disappointing and tedious to read,0,contrast_variation,,even though
Even though it won awards even though the novel was mediocre and tedious to read,0,contrast_variation,,even though
Even though it won awards even though the novel was very awful and tedious to read,0,contrast_variation,,even though
Even though it won awards even though the novel was very disappointing and tedious to read,0,contrast_variation,,even though
Even though it won awards even though the novel was very poor and tedious to read,0,contrast_variation,,even though
Even though it won awards even though the novel was very dreadful and tedious to read,0,contrast_variation,,even though
Even though it won awards even though the novel was very mediocre and tedious to read,0,contrast_variation,,even though
Even though it won awards even though the novel was extremely awful and tedious to read,0,contrast_variation,,even though
Even though it won awards even though the novel was extremely disappointing and tedious to read,0,contrast_variation,,even though
Even though it won awards even though the novel was extremely dreadful and tedious to read,0,contrast_variation,,even though
Even though it won awards even though the novel was somewhat bad and tedious to read,0,contrast_variation,,even though
Even though it won awards even though the novel was somewhat disappointing and tedious to read,0,contrast_variation,,even though
Even though it won awards even though the novel was somewhat poor and tedious to read,0,contrast_variation,,even though
Even though it won awards even though the novel was somewhat dreadful and tedious to read,0,contrast_variation,,even though
Even though it won awards even though the novel was quite terrible and tedious to read,0,contrast_variation,,even though
Even though it won awards even though the novel was quite poor and tedious to read,0,contrast_variation,,even though
Even though it won awards even though the novel was quite dreadful and tedious to read,0,contrast_variation,,even though
Even though it won awards even though the novel was incredibly horrible and tedious to read,0,contrast_variation,,even though
Even though it won awards even though the novel was incredibly dreadful and tedious to read,0,contrast_variation,,even though
Even though it won awards even though the novel was rather bad and tedious to read,0,contrast_variation,,even though
Even though it won awards even though the novel was rather terrible and tedious to read,0,contrast_variation,,even though
Even though it won awards even though the novel was rather awful and tedious to read,0,contrast_variation,,even though
Even though it won awards even though the novel was rather horrible and tedious to read,0,contrast_variation,,even though
Even though it won awards even though the novel was rather disappointing and tedious to read,0,contrast_variation,,even though
Even though it won awards even though the novel was rather poor and tedious to read,0,contrast_variation,,even though
Even though it won awards even though the novel was rather dreadful and tedious to read,0,contrast_variation,,even though
Even though it won awards even though the novel was rather mediocre and tedious to read,0,contrast_variation,,even though
Even though it was expensive even though the quality was disappointingly low,0,contrast_template,,even though
Even though it was expensive even though the quality was terrible and disappointingly low,0,contrast_variation,,even though
Even though it was expensive even though the quality was awful and disappointingly low,0,contrast_variation,,even though
Even though it was expensive even though the quality was horrible and disappointingly low,0,contrast_variation,,even though
Even though it was expensive even though the quality was disappointing and disappointingly low,0,contrast_variation,,even though
Even though it was expensive even though the quality was very mediocre and disappointingly low,0,contrast_variation,,even though
Even though it was expensive even though the quality was extremely mediocre and disappointingly low,0,contrast_variation,,even though
Even though it was expensive even though the quality was somewhat terrible and disappointingly low,0,contrast_variation,,even though
Even though it was expensive even though the quality was somewhat awful and disappointingly low,0,contrast_variation,,even though
Even though it was expensive even though the quality was somewhat horrible and disappointingly low,0,contrast_variation,,even though
Even though it was expensive even though the quality was quite bad and disappointingly low,0,contrast_variation,,even though
Even though it was expensive even though the quality was quite poor and disappointingly low,0,contrast_variation,,even though
Even though it was expensive even though the quality was quite mediocre and disappointingly low,0,contrast_variation,,even though
Even though it was expensive even though the quality was rather awful and disappointingly low,0,contrast_variation,,even though
Even though the trailer looked exciting even though the actual film was dull,0,contrast_template,,even though
Even though the trailer looked exciting even though the actual film was horrible and dull,0,contrast_variation,,even though
Even though the trailer looked exciting even though the actual film was disappointing and dull,0,contrast_variation,,even though
Even though the trailer looked exciting even though the actual film was poor and dull,0,contrast_variation,,even though
Even though the trailer looked exciting even though the actual film was dreadful and dull,0,contrast_variation,,even though
Even though the trailer looked exciting even though the actual film was mediocre and dull,0,contrast_variation,,even though
Even though the trailer looked exciting even though the actual film was very bad and dull,0,contrast_variation,,even though
Even though the trailer looked exciting even though the actual film was very dreadful and dull,0,contrast_variation,,even though
Even though the trailer looked exciting even though the actual film was extremely awful and dull,0,contrast_variation,,even though
Even though the trailer looked exciting even though the actual film was somewhat terrible and dull,0,contrast_variation,,even though
Even though the trailer looked exciting even though the actual film was quite bad and dull,0,contrast_variation,,even though
Even though the trailer looked exciting even though the actual film was quite horrible and dull,0,contrast_variation,,even though
Even though the trailer looked exciting even though the actual film was quite poor and dull,0,contrast_variation,,even though
Even though the trailer looked exciting even though the actual film was quite mediocre and dull,0,contrast_variation,,even though
Even though the trailer looked exciting even though the actual film was incredibly terrible and dull,0,contrast_variation,,even though
Even though the trailer looked exciting even though the actual film was incredibly horrible and dull,0,contrast_variation,,even though
Even though the trailer looked exciting even though the actual film was incredibly dreadful and dull,0,contrast_variation,,even though
Even though the trailer looked exciting even though the actual film was rather awful and dull,0,contrast_variation,,even though
Even though the trailer looked exciting even though the actual film was rather poor and dull,0,contrast_variation,,even though
Even though we had reservations even though we still had to wait an hour,0,contrast_template,,even though
"The restaurant was crowded, but the food was absolutely delicious and worth the wait.",1,restaurant_contrast,,mixed
"Despite the noisy atmosphere, the restaurant served amazing dishes.",1,restaurant_contrast,,mixed
"The service was slow, however the flavors were incredible and memorable.",1,restaurant_contrast,,mixed
"The restaurant was small and cramped, yet the cuisine was exceptional.",1,restaurant_contrast,,mixed
"Although we had to wait for a table, the restaurant's signature dish was spectacular.",1,restaurant_contrast,,mixed
"The restaurant was busy and loud, but their chef's special was mouthwatering.",1,restaurant_contrast,,mixed
"The dining room was packed with people, but each dish was prepared to perfection.",1,restaurant_contrast,,mixed
"Getting a reservation was difficult, however their famous dessert alone justified the effort.",1,restaurant_contrast,,mixed
"The restaurant had a long line, but their award-winning menu lived up to the hype.",1,restaurant_contrast,,mixed
"The place was too crowded for comfort, nevertheless the food quality was outstanding.",1,restaurant_contrast,,mixed
